source,destination,amount,label
115,50,6335.51,0
833,856,4646.49,0
659,618,4902.66,0
612,37,5979.63,0
770,552,1314.58,0
326,444,3876.9,0
940,430,8423.12,0
131,107,9452.19,0
922,782,7141.74,0
592,20,9357.7,0
924,747,7282.01,0
852,157,1166.16,0
23,719,7974.48,0
332,545,6779.09,0
692,218,8665.07,0
98,570,7391.85,0
184,563,747.67,0
420,230,4446.74,0
668,137,4095.35,0
822,772,7648.13,0
547,216,5838.98,0
379,464,1788.4,0
751,490,2108.96,0
693,405,7177.38,0
457,422,2862.32,0
261,498,3173.62,0
13,265,8044.67,1
224,47,1494.28,0
575,238,9733.12,0
265,204,4576.66,0
656,307,7744.79,0
741,233,7003.87,0
510,920,47.07,1
822,553,4349.99,0
756,211,3026.72,0
61,352,7544.74,0
303,71,2133.79,0
821,347,2116.2,0
219,654,3000.28,0
282,89,7392.39,0
152,674,771.98,0
169,362,1522.47,0
651,408,244.3,0
241,554,4343.59,0
508,416,8380.4,0
195,916,8330.02,0
886,523,196.99,0
559,583,1496.65,0
828,258,2624.98,0
682,31,4480.69,0
338,403,9329.96,0
649,316,8445.66,0
328,934,1399.32,0
388,971,2771.32,0
81,482,4060.48,0
245,116,7145.83,0
613,572,4377.1,0
689,323,4896.27,0
462,709,4831.38,0
174,162,3288.3,0
181,490,853.92,0
449,272,8510.2,0
468,465,5624.52,0
86,792,7712.72,0
435,965,7236.57,0
748,343,1026.14,0
524,934,7743.52,0
72,429,839.83,0
420,876,9996.52,0
605,73,2446.74,0
427,72,8097.57,0
416,871,7589.2,1
761,982,4768.08,0
670,819,8053.44,0
747,302,7917.51,0
634,850,1045.24,0
308,178,6155.63,0
355,752,2626.47,0
868,857,6866.88,0
736,996,5571.83,0
256,416,7580.06,0
361,755,9006.11,0
824,860,5274.08,0
524,409,6637.0,0
821,905,2490.92,0
911,482,5018.51,0
303,562,3718.02,0
326,727,2390.62,0
873,946,9123.67,0
352,485,2297.73,0
510,330,5595.67,0
130,331,62.97,0
231,788,4234.07,0
737,218,8719.14,0
818,341,7844.56,0
565,997,9177.58,0
66,411,2242.32,0
663,172,1720.04,0
665,866,7992.64,0
339,9,4069.78,0
834,756,3173.62,0
510,121,5459.11,0
567,495,3093.07,0
60,539,1556.61,0
71,137,730.12,0
172,131,9601.78,0
19,522,2195.98,0
584,757,8706.74,0
977,407,6603.71,0
934,27,4755.2,0
45,16,7820.64,0
476,106,2934.07,0
861,159,8481.72,0
227,800,4251.91,0
925,958,6006.41,0
252,447,7537.09,0
638,246,9238.3,0
86,751,2743.76,1
81,190,4958.15,0
256,528,2229.86,0
283,313,7304.9,0
362,416,7491.91,0
468,925,7653.02,0
358,732,1095.18,0
325,956,8916.26,0
475,382,6035.19,0
135,561,4969.72,0
368,198,6504.49,0
484,263,4757.42,0
707,388,7164.3,0
409,704,242.56,0
10,691,5339.85,0
14,210,4216.42,0
766,798,4227.56,0
587,617,2226.83,0
807,344,1180.12,0
224,654,6997.77,0
854,985,3059.18,0
27,697,367.15,0
661,749,9663.47,0
356,414,759.54,0
700,382,3666.35,0
446,596,6271.22,0
881,767,3164.18,0
599,951,766.28,0
740,900,7355.74,0
773,73,1499.82,0
369,389,1959.95,0
848,912,6060.07,1
710,700,5255.6,0
45,365,9376.67,1
423,508,8335.35,0
485,565,4903.97,0
105,524,9684.16,0
33,537,3222.07,0
140,863,945.6,0
67,304,9894.57,0
747,656,1841.41,0
787,864,3505.3,0
209,480,1674.38,0
991,545,4805.14,0
52,582,8194.11,0
199,655,1581.95,0
827,992,4451.54,0
426,643,1229.39,0
958,868,5878.2,1
164,724,8445.46,0
958,310,2936.63,0
811,468,5721.26,0
199,1,1116.72,0
38,718,5780.06,0
807,452,8956.24,0
965,911,6501.58,1
134,175,1368.37,0
835,219,2745.45,0
989,65,893.37,0
32,45,2309.24,0
16,316,4958.81,0
128,608,6218.07,0
81,816,181.69,0
176,880,8813.71,0
106,187,8436.07,0
39,626,3724.94,0
924,390,136.91,0
785,201,1993.74,0
275,968,1707.71,0
13,960,6226.86,0
690,521,2815.84,0
633,282,4639.3,0
531,903,7194.74,0
145,552,8933.0,0
527,773,1535.76,0
993,462,816.94,0
108,294,615.11,0
502,283,8959.62,1
723,858,6818.65,0
100,808,9416.86,0
500,605,508.36,0
748,749,3777.07,0
825,827,3403.08,0
902,182,9466.02,0
83,495,8951.48,0
781,533,4242.0,0
345,387,805.93,0
560,514,5121.58,0
522,572,4424.29,0
409,256,1882.14,0
249,987,4241.56,0
958,684,9684.72,0
740,264,1941.44,1
835,238,9979.89,0
481,132,5049.88,0
520,188,4747.94,0
827,244,909.21,0
622,847,1733.22,0
843,594,6083.84,0
346,492,8767.53,0
262,985,7522.65,0
723,464,4594.78,0
256,133,1989.05,0
499,794,6086.16,0
5,133,8822.25,0
910,54,4142.89,0
711,715,1005.01,0
641,922,6988.54,0
867,263,3572.41,0
834,690,176.52,0
100,463,2614.6,0
827,986,6083.87,0
21,426,3980.46,0
609,63,1011.35,0
447,803,4988.04,0
966,414,6031.37,0
456,991,598.65,0
102,7,9218.54,0
151,735,3058.8,0
254,792,2279.15,0
448,821,6663.62,0
408,601,5189.04,0
768,206,7366.46,0
915,946,4924.81,0
200,602,8123.37,0
121,561,6622.58,0
575,622,4594.51,0
967,647,533.08,0
489,858,3867.41,0
271,869,3304.35,1
931,846,9074.28,0
233,856,6722.92,0
993,265,5901.7,1
555,989,2922.17,0
68,619,1110.22,0
613,82,533.91,0
639,513,1527.27,0
589,545,7267.21,0
255,474,4098.72,0
110,596,1433.78,0
990,28,6888.23,0
911,613,474.32,0
488,203,2915.14,0
255,938,3105.56,0
209,190,6367.0,0
757,933,5750.12,0
380,114,2757.9,0
96,261,5524.45,0
454,431,2631.18,0
677,318,198.94,0
610,287,6179.2,0
913,296,3980.89,0
723,332,6726.49,0
530,717,4018.88,0
783,150,8039.48,0
625,602,6562.39,0
670,656,7603.5,0
685,647,1026.25,0
609,2,6766.36,0
544,793,5315.06,0
649,296,518.75,0
250,287,1078.66,0
826,132,8243.72,0
524,990,556.95,0
237,59,5103.9,0
459,668,2006.94,0
623,309,337.33,0
427,114,2363.36,0
355,631,78.68,0
614,273,9067.15,0
375,70,279.31,0
705,827,9591.9,0
794,805,3348.56,0
528,723,3280.37,0
504,746,4371.4,0
277,633,6587.75,0
942,750,7317.98,0
708,638,1423.5,0
524,445,6131.18,0
229,837,9841.11,0
806,885,2205.43,0
822,552,6231.86,0
353,461,4948.81,0
300,927,3188.5,0
457,851,6198.25,0
130,107,145.38,0
818,617,9931.52,0
298,56,6623.38,0
930,260,130.51,0
801,5,3481.11,0
280,29,6538.38,0
194,171,7925.87,0
165,957,7976.47,0
104,491,3208.46,1
537,719,3109.96,0
445,595,1737.85,1
939,141,4903.54,0
833,482,2257.73,0
377,42,9814.27,0
104,925,4749.46,0
993,929,7240.05,1
462,311,2985.08,0
612,478,3250.16,0
716,201,7410.19,0
829,581,6200.05,0
541,80,3238.28,0
220,383,5156.34,0
837,972,1778.64,0
714,231,1360.28,0
82,809,9612.34,0
15,375,5768.45,0
305,698,7341.9,0
536,964,7659.78,0
245,613,3460.14,0
79,562,7840.55,0
807,89,4523.99,0
784,354,6505.85,0
868,726,3594.95,0
649,816,4069.04,0
141,675,8112.88,0
976,599,8170.58,0
22,745,1392.21,0
30,816,9012.59,0
734,657,1115.04,0
789,917,7441.64,0
548,812,7402.81,0
269,928,9140.01,0
76,719,8102.96,0
851,522,6512.38,0
464,182,8298.02,0
100,605,1685.49,0
190,115,5451.04,0
267,127,6499.17,0
793,466,1344.02,0
0,986,4513.33,0
950,625,8432.78,0
657,141,5991.94,0
874,738,2958.8,0
232,346,361.79,0
682,806,9166.94,0
524,76,7554.3,1
831,546,4103.68,0
920,24,8658.93,0
901,699,1227.74,0
663,607,8409.24,0
812,924,4301.11,0
40,49,562.13,0
969,16,2506.43,0
548,601,1817.14,0
94,420,7407.39,0
59,337,5748.34,0
862,133,4824.75,0
650,594,7017.57,0
677,843,206.97,0
707,124,2296.57,0
918,85,1199.2,0
750,261,1851.23,0
629,13,5287.92,0
871,583,1838.02,0
625,590,3278.8,0
199,107,1894.1,0
874,524,7038.3,0
697,251,1579.79,0
457,66,6218.07,0
403,280,250.3,0
270,759,1408.09,0
40,325,5066.24,0
266,980,6740.9,0
516,556,9552.73,0
874,224,3257.83,1
801,445,7676.91,0
320,853,5937.02,0
204,763,7809.67,0
709,318,5269.66,0
214,269,5845.33,0
169,222,2450.29,0
519,206,5805.61,0
970,313,5243.9,0
854,848,5844.51,0
75,314,7481.61,0
878,91,2447.12,0
397,21,7353.57,0
248,692,4037.84,0
150,448,3199.97,0
747,591,5128.05,1
56,384,7803.05,0
255,189,8826.08,0
21,784,8990.68,0
504,860,9431.22,0
910,253,406.12,0
2,381,1155.67,0
818,236,3277.5,0
182,453,8218.78,0
579,638,9862.91,0
973,53,2288.75,0
522,500,4380.14,0
975,107,5979.3,0
595,318,8376.14,0
958,316,6651.56,0
34,615,6841.96,0
127,833,9458.43,0
664,584,8714.95,0
576,564,355.76,1
641,20,3445.15,0
174,915,6849.96,0
795,652,547.03,0
694,59,9157.36,0
641,533,647.14,0
293,457,1537.94,0
620,187,799.4,0
24,142,7541.09,0
541,831,7347.13,0
224,832,368.18,0
536,615,3941.76,0
609,887,3611.76,0
320,114,4747.56,0
996,893,6228.77,0
480,319,2356.17,0
667,55,3685.87,0
379,483,3819.46,0
732,15,3336.03,0
104,276,8840.41,0
206,552,3734.32,0
541,124,2705.98,0
890,345,7138.35,0
0,319,2956.06,0
434,177,5415.44,0
931,814,2723.52,1
378,670,3748.33,0
558,462,2319.33,0
299,308,1077.18,0
508,417,9858.93,0
717,906,5118.71,0
538,809,2373.88,0
754,363,2334.16,0
157,594,2532.07,0
72,796,6208.42,0
136,531,5356.73,0
57,303,9748.93,0
30,846,6294.52,0
351,156,9518.35,0
407,497,8887.95,0
626,463,2256.33,0
131,961,3597.4,0
146,530,5201.75,0
642,614,5435.44,0
690,585,1909.08,0
329,469,7223.26,0
940,405,8895.07,0
858,651,4862.43,0
900,603,3230.05,0
805,450,7725.88,0
100,235,2411.82,0
626,672,1019.99,1
811,349,1993.56,0
867,52,1759.77,0
482,277,9851.92,0
40,542,2623.44,0
651,890,6950.51,0
132,310,4154.75,0
418,975,384.36,0
178,504,4998.16,0
195,322,8856.51,0
826,935,5722.86,0
471,579,6637.52,0
366,932,7713.36,0
337,15,8212.01,0
787,595,567.55,1
890,289,2900.75,0
315,762,430.87,0
61,69,5583.21,0
377,881,6285.96,0
744,955,3972.06,0
399,996,8118.25,0
440,861,7320.62,1
966,273,3364.22,0
416,389,184.74,0
91,135,9727.24,0
33,996,9637.84,0
68,747,440.34,0
575,609,4673.81,0
279,869,2902.78,1
2,299,7401.79,0
744,977,3122.47,0
452,299,7280.16,0
738,844,4379.96,0
415,589,3343.28,0
942,756,9842.89,0
477,480,6362.94,0
959,938,3401.74,0
496,298,5360.8,0
362,854,4962.29,0
875,156,5843.3,0
195,972,2856.89,0
443,188,6668.82,0
632,572,6256.38,0
530,131,4860.63,0
35,84,3980.09,0
403,408,2373.64,0
778,556,8654.82,0
511,674,2809.47,0
354,808,5060.89,0
955,285,4895.84,0
744,954,6330.49,0
678,565,3544.03,0
738,137,7283.21,0
458,427,7841.27,0
587,459,9062.74,0
537,589,9497.83,0
456,776,4293.32,0
677,731,856.22,0
919,626,4316.65,0
363,269,9096.96,0
621,880,7076.96,0
227,50,8119.42,0
615,905,724.38,0
214,168,5039.16,0
711,945,2997.43,0
624,328,7428.87,0
829,610,256.06,0
236,799,8774.46,0
276,340,511.18,0
398,472,8972.9,0
610,54,1475.42,0
340,490,5035.03,0
943,332,1912.83,0
669,52,1172.33,0
39,481,7103.92,0
783,250,688.84,0
354,291,1078.49,0
735,581,2946.39,0
442,787,1420.24,0
782,850,3338.26,0
83,880,7830.37,0
32,657,5873.85,0
865,410,2677.77,0
882,444,3004.6,0
397,129,6223.03,0
394,689,687.02,0
681,134,7396.21,0
243,965,2459.31,0
67,419,4690.79,0
563,172,8518.9,0
695,580,6458.9,0
77,702,3373.71,0
745,24,8729.32,0
339,94,126.55,0
482,606,9175.74,0
248,33,5174.46,0
722,624,7585.73,1
62,757,454.46,0
64,571,3500.33,0
112,504,3843.52,0
671,494,6204.58,0
17,518,3310.41,0
299,924,6392.19,0
494,37,7581.23,0
429,669,7626.24,1
992,356,9398.54,0
312,983,8747.33,0
644,292,6079.4,0
456,607,657.65,0
545,467,3202.22,0
30,495,1998.38,0
19,251,6651.7,0
410,533,356.67,0
58,967,7752.43,0
432,537,1739.66,0
728,946,9937.4,0
971,494,3858.99,0
230,559,5144.41,0
123,798,7376.56,0
422,69,2153.74,0
914,939,3068.14,0
674,442,8878.77,0
384,357,8664.47,0
907,340,7703.74,0
497,604,6673.65,0
344,229,3252.83,0
263,827,4436.73,0
707,11,5274.35,1
273,265,2548.73,1
17,300,2386.28,0
367,461,6968.2,0
196,814,9908.53,1
164,438,7209.19,0
890,888,9503.22,0
424,804,4997.28,0
214,353,7717.29,0
241,545,5968.0,0
162,227,2437.57,0
477,152,99.67,0
201,785,5959.8,0
81,477,5423.22,0
677,369,572.0,0
184,117,1965.24,0
960,85,3210.44,0
56,19,3183.69,0
9,342,9794.4,0
813,995,8407.76,0
50,295,4640.64,0
630,728,6012.26,0
62,937,6175.99,0
888,492,1720.66,0
734,75,6526.21,0
74,218,7090.51,0
46,785,6795.74,0
545,369,3106.06,0
496,584,695.94,0
42,674,7043.97,0
861,223,3328.18,1
501,171,2398.56,0
622,771,529.24,0
930,121,7921.73,0
891,991,3930.09,0
771,296,7737.45,0
604,514,8815.23,0
965,223,7999.92,1
763,571,3411.69,0
6,960,2910.62,0
937,337,6425.59,0
947,617,6018.43,0
726,992,9498.91,0
241,625,91.44,0
893,420,3246.23,0
586,831,6187.74,0
901,91,5235.21,0
614,86,5256.45,0
919,510,636.68,1
569,747,1845.19,0
583,843,8089.72,0
408,399,5013.24,0
87,200,9960.2,0
573,761,4228.87,0
478,986,2242.31,0
112,751,2876.14,1
685,363,5799.44,0
312,502,5942.11,1
98,895,2109.57,0
446,470,8688.93,0
318,232,5619.39,0
919,711,8184.18,0
772,41,3355.22,0
588,581,3286.74,0
661,572,6717.84,0
80,924,1175.44,0
396,647,5567.32,0
949,240,3617.94,0
391,832,2114.44,0
877,792,5789.35,0
522,701,972.54,0
202,868,8964.39,1
849,974,5899.51,0
700,927,6033.32,0
689,876,9906.81,0
711,416,1769.43,0
261,939,7219.48,0
320,261,9046.69,0
276,457,2121.35,0
511,999,7109.41,0
284,666,268.67,0
907,850,7841.71,0
890,465,4390.53,0
700,329,4277.3,0
224,715,4522.64,0
429,46,5196.27,0
646,434,9472.44,0
206,824,7383.71,0
939,812,9178.26,0
806,337,551.41,0
400,681,8153.01,0
532,252,1316.73,0
655,533,3312.69,0
18,870,2760.37,0
959,534,2355.08,0
462,285,257.84,0
649,651,2979.3,0
999,169,7360.91,0
248,903,5622.66,0
908,263,6208.99,0
67,628,5835.99,0
150,929,9182.3,1
880,416,7480.89,0
182,152,9826.71,0
439,619,1697.27,0
894,612,2851.46,0
497,168,5672.39,0
752,613,8112.03,0
305,466,8952.05,0
113,79,7141.08,0
204,994,6994.61,0
973,773,693.06,0
772,14,2377.45,0
662,435,656.97,0
199,741,3097.37,0
173,542,7455.02,0
979,601,1389.98,0
40,603,8146.64,0
789,974,4601.14,0
419,926,7708.07,0
99,940,2347.36,0
694,730,2431.77,0
458,998,3497.23,0
382,615,4756.28,0
256,831,1113.57,0
683,722,9911.32,0
89,552,1332.98,0
640,391,3766.68,0
83,573,7858.86,1
331,461,5806.88,0
914,660,1405.77,0
38,322,5763.96,0
289,763,7126.36,0
851,107,2027.21,0
556,321,993.37,0
687,811,7801.82,0
227,802,1462.2,0
904,724,764.47,0
607,336,3792.44,0
621,656,3276.95,0
639,688,8187.42,0
174,334,1844.37,0
914,387,3796.19,0
425,278,4644.32,0
901,492,34.87,0
620,149,8068.92,0
849,698,7358.16,0
185,535,9033.06,0
239,565,2903.47,0
391,459,3468.49,0
305,217,1150.27,0
330,644,9206.48,0
263,827,1048.42,0
278,204,4907.15,0
703,182,2848.04,0
20,895,5285.22,0
753,202,3267.79,0
787,801,194.43,0
379,884,414.91,0
515,890,3182.49,0
980,648,1711.14,0
3,933,8174.13,0
700,845,9393.06,0
787,410,1985.92,0
6,810,2922.37,0
756,378,7924.32,0
259,767,7549.54,0
826,526,4051.41,0
487,103,8994.81,0
650,329,6388.37,0
395,599,7151.03,0
42,329,9404.03,0
435,126,5121.8,0
27,932,8797.56,0
117,620,3376.44,1
810,789,4116.87,0
289,131,508.18,0
908,833,3565.08,0
994,389,2242.14,0
151,112,8551.29,0
288,865,4799.91,0
728,652,7934.94,0
449,45,9058.27,0
652,22,8842.1,0
240,577,2799.09,0
43,3,4529.24,0
397,74,3045.81,0
108,223,6689.29,1
457,464,402.12,0
912,44,9904.51,0
624,53,5478.62,0
117,854,8616.91,0
94,678,5016.47,0
981,235,9338.62,0
668,226,7748.37,0
360,414,1363.77,0
683,629,5453.27,0
148,997,3404.74,0
121,724,9275.61,0
717,971,8263.85,0
482,331,2670.28,0
280,927,8815.0,0
204,828,867.71,0
565,894,4011.23,0
153,209,5669.84,0
838,953,8159.6,0
605,651,7083.04,0
591,984,8708.59,0
611,39,9175.0,0
729,815,9376.34,1
860,511,396.32,0
251,545,5129.87,0
427,313,6507.26,0
483,175,8264.73,0
926,634,2946.93,0
853,297,3501.12,0
177,534,168.4,0
896,344,6326.4,0
31,302,1738.7,0
981,94,6953.61,0
720,646,1102.32,0
948,40,7924.78,0
107,701,2439.18,0
176,84,3753.23,0
773,563,9510.21,0
628,501,8126.39,0
679,956,8654.52,0
476,836,3333.54,0
835,30,2330.93,0
848,385,9554.03,0
34,907,8498.13,0
853,204,556.72,0
529,260,5606.05,0
299,972,5050.13,0
404,199,8104.23,0
337,907,4306.07,0
455,220,2470.28,0
176,936,8421.8,0
938,949,1067.94,0
358,711,615.24,0
870,218,3552.36,0
449,21,2119.93,0
453,270,8185.22,0
902,319,8369.28,0
725,760,7303.35,0
494,188,8209.38,0
411,726,9254.19,0
786,166,5070.14,0
921,125,3352.02,0
463,966,6612.58,0
230,92,5613.01,0
699,485,310.31,0
918,156,3895.83,0
983,723,5226.66,0
271,471,353.81,0
750,73,3985.65,0
427,153,7172.8,0
902,981,3897.38,0
209,351,4958.6,0
334,461,4486.24,0
199,574,3963.43,0
83,12,7403.72,0
713,621,521.93,0
176,24,8788.43,0
503,261,1755.97,0
873,244,6644.8,0
857,775,9588.64,0
366,320,7459.5,0
712,347,8978.16,0
914,792,3178.62,0
561,917,967.54,0
303,51,7100.24,0
304,20,1888.51,0
949,454,2456.74,0
63,642,989.4,0
703,473,3958.32,0
191,773,4905.39,0
193,831,995.19,0
844,476,9182.28,0
41,56,1341.0,0
902,461,4257.47,0
162,539,3735.54,0
531,134,2828.24,0
253,578,1532.26,0
571,237,261.8,0
885,306,6117.25,0
855,515,8317.1,0
376,657,178.1,0
233,682,622.76,0
595,668,387.33,0
657,637,8215.47,0
709,455,5135.67,0
355,486,8211.85,0
469,122,1557.15,0
609,11,7683.54,1
972,247,7474.34,0
590,783,5853.44,0
895,672,9838.08,1
861,133,7964.22,0
594,111,621.79,0
98,237,3048.47,0
544,546,5164.12,0
221,703,9164.16,0
93,468,4942.76,0
104,378,2001.57,0
766,383,755.51,0
662,544,1247.02,0
876,926,8215.89,0
414,157,1086.87,0
7,191,2016.9,0
263,953,9314.28,0
769,957,6365.23,0
739,148,631.84,0
858,264,1810.43,1
719,133,4614.3,0
452,868,3306.05,1
293,112,4294.85,0
796,526,6904.6,0
235,689,1843.0,0
61,928,6249.92,0
553,131,6171.67,0
163,886,3246.85,0
966,127,488.66,0
420,60,9928.34,0
852,690,8159.27,0
328,15,8774.91,0
820,135,6182.22,0
157,942,686.61,0
926,153,5400.06,0
924,30,259.19,0
147,34,5790.93,0
187,963,1530.86,0
106,192,9834.46,0
220,177,7386.61,0
653,487,7505.7,0
829,276,9127.63,0
357,310,2130.5,0
989,889,2554.84,0
281,340,3126.89,0
867,315,4646.49,0
188,0,7441.95,0
357,607,5951.87,0
493,874,7899.0,0
198,606,3474.53,0
635,938,8611.51,0
507,112,4731.06,0
545,204,4852.48,0
25,428,5842.98,0
628,176,7936.6,1
989,222,2101.73,0
232,481,2388.34,0
81,691,24.97,0
196,349,4862.92,0
550,811,6108.91,0
965,896,636.47,0
796,175,8886.33,0
564,992,9545.88,0
838,188,2469.2,0
796,631,9143.82,0
550,272,6636.48,0
836,345,4247.98,0
497,617,2372.49,0
575,254,8528.11,0
601,295,5025.32,0
141,23,4271.3,0
103,798,7314.22,0
379,50,5996.56,0
205,824,6473.15,0
695,130,4986.77,0
567,288,3310.32,0
989,157,6449.41,0
642,269,1438.58,0
535,140,3031.0,0
332,689,2941.68,0
58,848,4588.0,0
963,12,6984.51,0
402,926,5923.18,0
170,441,2312.38,0
824,475,4245.7,0
951,896,295.89,0
697,851,1849.55,0
910,503,8096.81,0
275,173,2294.59,0
313,108,9172.87,1
978,966,6868.44,0
714,491,1806.39,1
623,287,7505.32,0
887,812,1972.1,0
99,878,9458.81,0
918,300,487.83,0
533,405,3296.42,0
205,299,6216.28,0
810,453,9028.63,0
507,606,916.25,0
348,515,9091.61,0
295,14,6703.6,0
561,998,1009.84,0
834,510,6851.41,1
503,749,795.83,0
251,173,9794.31,0
788,210,9492.03,0
506,918,3882.29,0
567,444,2065.99,0
108,150,2150.16,0
610,352,2446.79,0
538,357,5937.34,0
216,169,1607.54,0
179,234,1781.16,0
55,164,9542.54,0
428,927,374.7,0
392,666,8227.31,0
458,834,7526.66,0
918,821,9086.2,0
980,692,8310.02,0
400,111,7809.45,0
310,343,8001.66,0
463,605,698.84,0
770,11,2394.78,1
587,831,3889.27,0
528,377,7018.32,0
214,550,9566.4,0
292,670,1621.36,0
911,584,8711.34,0
612,237,843.99,0
609,857,6617.38,0
115,823,4378.13,0
31,545,3122.23,0
54,322,697.63,0
66,293,9939.96,0
786,587,3953.31,0
743,898,3117.91,0
430,688,5554.9,0
978,812,8041.41,0
149,861,3733.01,1
645,188,49.56,0
569,102,983.4,0
224,844,1351.32,0
302,169,6248.77,0
837,358,88.97,0
561,189,9352.83,0
416,643,9002.77,0
709,96,8168.58,0
468,330,9106.17,0
545,683,1511.47,0
888,435,9803.84,0
271,939,3660.03,0
71,865,5728.7,0
619,689,3883.27,0
790,310,8121.13,0
977,250,4126.36,0
889,895,518.7,0
28,556,9039.34,0
146,552,4736.79,0
870,816,9052.92,0
482,37,7170.06,0
431,702,8511.23,0
787,286,8796.43,0
549,791,8281.36,0
38,521,29.7,0
177,237,2013.14,0
26,938,1827.74,0
403,6,3921.12,0
701,893,6099.37,0
204,369,805.66,0
741,13,9296.98,0
608,899,4667.82,1
402,281,9432.31,0
222,101,2082.89,0
253,489,2022.09,0
532,342,4709.49,0
194,956,4845.07,0
460,334,1438.55,0
550,450,3973.11,0
649,258,4240.04,0
116,802,1283.87,0
115,436,431.61,0
928,587,8452.16,0
930,281,6427.87,0
950,575,368.35,0
955,472,1068.93,0
993,529,5017.5,0
238,250,219.92,0
139,304,6573.02,0
122,980,6445.91,0
495,922,7800.22,0
583,178,6873.18,0
735,133,2491.03,0
255,492,3278.97,0
769,176,9304.64,1
962,741,2101.91,0
859,511,7567.94,0
541,634,2804.72,0
80,301,9461.52,0
862,45,3897.46,0
618,162,7106.64,0
766,134,7751.31,0
9,532,732.44,1
971,691,6445.24,0
701,593,3187.66,0
302,70,7794.12,0
664,100,9143.09,0
479,42,6208.83,0
626,877,3658.56,0
782,802,3370.16,0
869,872,4655.25,0
886,683,5191.55,0
111,402,6720.59,0
472,738,1100.8,0
148,876,7521.79,0
761,500,7025.59,0
321,430,3195.2,0
749,568,1741.0,0
953,741,452.84,0
70,537,3877.12,0
167,963,3801.91,0
925,752,5577.18,0
225,154,2547.5,0
489,359,6969.02,0
565,543,6802.79,0
360,267,9082.07,0
707,227,4913.72,0
368,768,395.73,0
541,391,7379.28,0
93,265,5562.12,1
644,185,3011.44,0
150,853,2129.17,0
66,480,4278.47,0
657,998,6115.53,0
746,852,2798.43,0
799,998,1812.03,0
597,660,6914.0,0
952,244,4126.06,0
573,137,714.5,0
324,467,7638.08,0
498,390,6728.32,0
688,555,9469.98,0
271,96,1327.94,0
449,115,2989.11,0
640,351,6413.59,0
806,24,9403.98,0
890,4,2835.43,0
739,66,710.81,0
104,903,8540.04,0
533,126,5163.08,0
426,234,8242.78,0
388,60,3250.76,0
248,226,4163.49,0
273,832,647.92,0
733,509,9580.52,0
390,135,512.39,0
590,771,2522.76,0
155,234,4699.6,0
774,979,5662.26,0
957,262,8842.12,0
870,936,8127.1,0
79,853,8172.01,0
665,836,9263.84,0
1,504,4013.37,0
666,256,4230.65,0
323,718,2276.87,0
620,786,9697.28,0
751,439,7564.75,0
479,270,6880.22,0
651,482,7520.38,0
604,271,106.4,0
631,328,7567.87,0
806,874,1702.22,0
562,77,9220.23,0
483,609,1121.95,0
740,860,2935.85,0
297,963,2891.78,0
200,179,5949.87,0
585,666,2113.63,0
920,523,4364.55,0
97,294,3003.3,0
932,842,7530.34,0
674,253,4685.93,0
614,259,876.31,0
481,116,1044.69,0
241,790,1334.52,0
778,280,2447.21,0
956,875,8229.29,0
951,198,1289.26,0
685,649,9549.21,0
504,804,1619.32,0
937,359,9191.5,0
847,228,67.93,0
660,379,5430.28,0
471,486,1500.16,0
149,81,261.86,0
661,69,7085.84,0
488,912,7691.12,1
706,665,2772.89,0
795,949,4447.09,0
844,310,6687.83,0
799,150,9329.26,0
871,377,5879.09,0
682,381,6401.02,0
425,683,2572.89,0
494,499,8587.84,0
154,467,5448.4,0
208,716,1374.56,0
391,431,3294.02,0
948,995,4076.22,0
183,769,526.91,0
908,378,2347.91,0
53,635,4949.47,0
536,904,4831.61,0
196,384,7988.54,0
746,980,3210.48,0
326,155,1726.59,0
696,821,5301.29,0
277,405,4610.55,0
272,144,5640.67,0
332,315,6363.15,0
477,633,6052.17,0
128,62,7650.12,0
760,67,897.76,0
76,852,5382.22,0
874,572,2851.35,0
125,910,4185.94,0
521,795,4566.93,0
385,609,1986.04,0
118,51,2974.17,0
359,875,2838.67,0
158,813,8675.65,0
219,759,1402.95,0
903,510,6489.7,1
148,214,1939.37,1
570,809,8648.07,0
95,558,5117.24,0
180,694,16.48,0
616,222,7997.02,0
760,233,9721.95,0
236,797,4065.73,0
944,456,1353.41,0
113,247,602.41,0
265,34,8007.35,0
495,963,2418.36,0
27,527,833.37,0
931,316,9466.99,0
921,756,4750.44,0
860,646,1149.17,0
147,325,275.61,0
67,599,3159.94,0
565,393,3449.7,0
540,789,4003.27,0
917,126,8698.22,0
582,265,5956.46,1
635,313,8968.77,0
914,141,3085.4,0
795,777,6831.61,0
24,817,7440.36,0
176,213,5596.27,0
430,124,5358.67,0
708,294,7469.48,0
40,433,5947.35,0
944,234,2289.92,0
945,548,6620.44,0
1,281,1326.85,0
410,52,4894.76,0
193,870,4750.58,0
590,471,4630.99,0
571,494,6086.26,0
183,290,2821.41,0
226,906,8435.65,0
239,314,4191.81,0
397,92,9412.18,0
764,497,8452.4,0
500,276,3705.13,0
334,71,8537.0,0
878,345,8029.48,0
146,438,1668.93,0
818,605,8784.18,0
498,369,4214.28,0
303,690,1852.34,0
721,711,7994.55,0
645,112,441.51,0
949,546,3639.22,0
366,501,1353.21,0
4,568,422.6,0
307,961,3296.85,0
915,77,5651.31,0
529,462,4716.04,0
677,928,4085.82,0
709,879,3607.87,0
945,73,2365.13,0
328,321,8013.11,0
826,989,1245.07,0
693,346,6869.73,0
939,659,7854.21,0
489,353,4019.45,0
367,668,5521.25,0
696,450,2570.95,0
52,744,3939.96,0
567,332,6998.99,0
158,183,2689.34,1
148,881,6077.45,0
497,678,1597.68,0
180,844,5072.01,0
615,584,7615.09,0
753,77,3264.39,0
47,569,5006.47,0
812,107,378.58,0
738,741,7226.77,0
317,929,8441.59,1
739,16,4945.36,0
447,217,247.1,0
670,785,2832.28,0
978,578,3979.64,0
48,381,77.23,0
693,944,3414.77,0
655,758,6242.48,0
914,259,8684.77,0
184,675,5453.68,0
28,848,9536.68,0
581,224,6582.57,1
269,427,739.23,0
690,823,8808.92,0
547,924,850.89,0
627,534,7587.94,0
840,190,9400.94,0
197,8,413.19,1
896,759,9800.33,0
708,242,2506.37,0
434,467,985.74,0
762,826,3487.59,0
617,226,3965.22,0
648,588,2881.98,0
828,394,6428.49,0
798,805,1921.89,0
599,602,8736.12,0
418,56,4608.65,0
811,838,5281.01,0
287,542,5741.03,0
54,272,6100.38,0
398,313,5400.26,0
473,622,3940.88,0
597,312,9202.21,0
819,969,1429.2,0
682,641,7160.84,0
871,465,7168.84,0
105,377,6129.75,0
533,54,1617.11,0
37,402,6610.25,0
472,614,7816.19,0
294,55,4490.64,0
352,756,9530.96,0
678,696,7310.6,0
374,319,6343.96,0
121,715,6857.28,0
958,633,6604.25,0
142,55,8633.33,0
491,140,7346.54,0
793,439,2645.12,0
903,499,7796.54,0
581,736,2771.81,0
680,245,3301.36,0
995,957,3879.73,0
961,565,6703.84,0
448,179,3451.24,0
55,64,7626.2,0
495,575,781.81,0
357,175,5938.66,0
853,545,1528.19,0
800,940,6758.93,0
39,237,9062.35,0
965,923,8508.64,0
866,416,2231.85,0
585,133,9827.5,0
47,512,1866.15,1
141,272,9041.46,0
661,105,7645.41,0
12,908,5761.29,0
925,33,4965.97,0
765,576,9257.77,0
709,61,5135.59,0
16,777,1031.13,0
356,682,2521.13,0
559,979,8876.89,0
212,174,2820.73,0
20,578,1155.9,0
838,695,6075.47,1
700,880,6892.59,0
431,711,7483.66,0
562,820,7257.11,0
457,968,3719.11,0
665,458,6792.88,0
635,906,7034.43,0
198,903,4090.88,0
771,118,4048.72,0
793,365,9902.64,1
447,734,5191.45,0
8,930,6145.95,0
700,397,4462.02,0
628,912,836.16,1
823,699,3233.98,0
847,15,8258.21,0
946,324,5404.4,0
112,118,2887.03,0
573,958,5593.52,0
45,480,9573.77,0
588,838,7613.99,0
30,709,47.17,0
21,423,3332.93,0
122,351,5009.53,0
939,870,6521.94,0
756,279,5754.22,0
88,544,633.14,0
570,175,1806.5,0
760,651,462.54,0
592,253,3167.08,0
348,276,9407.78,0
155,948,2727.71,0
825,352,6662.86,0
250,683,2521.09,0
828,106,3349.96,0
51,760,8393.91,0
968,792,1267.77,0
480,43,1336.05,1
426,473,5207.03,0
243,814,8507.25,1
181,176,4571.77,1
197,457,8558.92,0
128,459,2977.7,0
850,450,3759.88,0
538,650,8504.84,0
632,915,6648.91,0
159,658,2297.44,0
877,859,7334.81,0
245,5,3818.42,0
372,937,4649.92,0
183,569,2992.25,0
140,33,3888.79,0
980,99,6410.51,0
276,609,3866.5,0
930,590,5463.7,0
914,912,5044.12,1
798,182,4044.0,0
208,436,4653.13,0
72,519,2671.99,0
105,37,7204.19,0
971,553,3880.11,0
886,152,1416.94,0
536,25,2373.63,0
581,907,2486.22,0
536,152,7878.02,0
128,58,8307.36,0
424,836,2594.92,0
746,10,5029.05,0
712,973,3206.09,0
976,716,6578.64,0
932,475,4082.44,0
639,345,8812.37,0
850,642,7680.54,0
453,660,2734.05,0
138,498,6966.99,0
127,32,8272.01,0
311,581,8538.49,0
44,61,3207.63,0
694,314,9835.99,0
155,298,702.77,0
527,774,8145.75,0
309,50,6463.74,0
343,897,154.13,0
659,651,8537.65,0
324,378,7956.85,0
145,570,8358.63,0
796,582,1385.23,0
734,420,332.62,0
829,700,797.8,0
483,667,8353.06,0
508,998,9783.47,0
650,809,6792.95,0
992,244,9535.84,0
819,486,2807.15,0
141,420,8682.97,0
58,728,9691.41,0
11,510,4809.81,1
852,129,3168.61,0
670,70,9430.61,0
453,961,1710.6,0
325,1,6007.42,0
633,808,2253.68,0
168,10,35.66,0
530,821,3801.21,0
347,100,2228.17,0
952,127,6426.32,0
617,172,4644.62,0
57,559,7130.54,0
648,587,4847.85,0
679,887,8006.39,0
51,581,5617.32,0
287,871,3379.95,1
849,61,3920.78,0
378,114,2653.82,0
834,220,6671.56,0
80,726,5336.42,0
520,217,7810.42,0
453,509,4450.22,0
706,36,2194.7,0
252,874,7061.8,0
957,736,1614.31,0
679,536,6276.54,0
785,403,747.17,0
686,197,6469.01,0
334,109,8323.07,0
844,70,4466.69,0
340,212,525.66,0
424,494,7578.52,0
376,456,1703.54,0
806,563,2620.61,0
363,59,1173.52,0
907,326,85.98,1
574,234,1811.0,0
483,738,1311.2,0
174,984,3370.82,0
949,725,6224.5,0
431,659,4776.61,0
696,853,8177.66,0
275,330,2631.61,0
749,431,9988.64,0
918,244,1389.21,0
700,560,6690.99,0
608,997,26.89,0
997,12,6032.5,0
485,765,1275.42,0
151,57,854.3,0
837,937,4963.06,0
305,697,5603.68,0
915,768,9449.73,0
145,888,5759.22,0
765,525,2104.78,0
887,665,8339.12,0
678,180,7475.38,0
816,72,9848.9,0
515,129,3027.31,0
215,570,3128.16,0
365,67,9293.5,0
791,197,4901.45,0
616,276,8449.29,0
413,470,8060.33,0
370,737,3473.47,0
542,12,812.4,0
308,344,1735.92,0
377,5,8426.62,0
795,901,7555.71,0
822,91,785.96,0
131,476,8793.21,0
532,535,4246.28,0
884,570,379.68,0
570,786,4313.91,0
826,293,1306.82,0
187,52,2987.65,0
359,62,3194.77,0
999,654,1682.49,0
178,34,1522.79,0
979,328,5189.7,0
37,663,9280.59,0
840,952,3754.54,0
718,726,7003.59,0
870,347,6550.68,0
747,701,6168.29,0
792,482,227.14,0
169,540,2020.45,0
393,162,6716.66,0
644,701,6084.8,0
250,975,5974.19,0
794,83,2287.64,0
912,400,5621.67,0
384,110,1773.74,0
446,144,7420.64,0
896,936,9988.91,0
98,856,1087.45,0
95,246,6866.6,0
6,168,8687.33,0
538,312,2766.81,0
103,653,1402.2,0
883,587,4896.25,0
260,290,7679.19,0
613,792,5789.77,0
584,218,3453.99,0
720,441,9595.97,0
177,223,5271.94,1
895,886,5278.85,0
208,355,9470.54,0
347,414,7463.34,0
252,867,6694.68,0
339,799,7449.62,0
410,654,5610.33,0
963,628,472.21,0
930,353,4782.69,0
372,291,988.92,0
442,653,4459.86,0
203,932,565.56,0
386,708,9845.32,0
430,834,5256.24,0
290,916,4230.93,0
936,574,6783.49,0
834,824,9834.47,0
473,389,4161.96,0
891,852,2918.06,0
518,408,7379.8,0
74,284,8568.65,0
558,553,3130.57,0
281,144,8841.84,0
54,164,2871.6,0
389,117,206.35,0
213,992,3840.46,0
887,643,7372.27,0
602,761,5838.02,0
163,90,8598.11,0
959,463,305.0,0
252,301,7070.46,0
380,451,1837.86,1
537,42,1608.88,0
416,870,4146.12,0
328,538,9331.2,0
700,673,813.22,0
500,791,4843.86,0
162,180,2474.52,0
189,965,8669.18,0
365,21,6588.51,0
813,773,3613.4,0
135,802,8836.2,0
532,855,2670.41,0
837,768,9051.76,0
339,562,1269.27,0
510,359,2666.03,0
66,245,4066.42,0
742,246,320.89,0
183,806,8645.85,0
965,778,593.84,0
657,947,4138.66,0
84,606,5494.01,0
381,730,405.06,0
250,904,8919.63,0
796,324,8241.91,0
854,27,5436.63,0
399,392,655.7,0
810,829,2101.13,0
279,122,6618.7,0
182,700,3582.02,0
847,415,2561.35,1
65,575,217.21,0
511,917,4377.47,0
797,716,1243.18,0
455,424,1346.18,0
466,776,2478.97,0
919,65,3548.93,0
24,860,3261.85,0
489,275,1518.32,0
274,661,7138.59,0
630,129,2084.22,0
566,648,982.52,0
836,335,2732.46,1
634,493,6167.15,0
95,383,3904.69,0
853,678,8436.29,0
314,260,8096.61,0
354,403,3578.24,0
811,171,1604.25,0
458,61,1338.04,0
619,926,8684.6,0
623,118,2249.47,0
599,547,6536.94,0
10,772,2918.13,0
947,155,4152.03,0
430,75,5730.89,0
258,280,9335.39,0
35,494,4005.87,0
317,409,8778.67,0
0,858,6819.89,0
787,785,2447.14,0
99,146,7453.03,0
741,670,6054.45,0
732,421,6016.86,0
588,451,86.02,1
492,399,6736.51,0
673,787,4323.84,0
593,442,582.15,0
373,964,8476.1,0
403,143,1926.67,0
693,22,7874.3,0
74,793,5604.48,0
355,414,277.02,0
195,256,6745.44,0
788,630,3133.63,0
362,203,8674.82,0
419,863,6561.22,0
929,714,1434.76,0
341,693,7301.94,0
612,449,4064.13,0
20,982,9799.12,0
837,275,7461.48,0
315,441,1754.13,0
832,798,1263.3,0
116,912,1508.42,1
866,506,7263.01,0
330,573,9146.73,1
21,530,6327.55,0
945,937,1181.91,0
365,113,2457.86,0
301,908,6205.11,0
152,456,3349.73,0
574,205,2929.34,0
129,523,8521.09,0
695,254,6642.38,0
896,662,7630.07,0
261,988,1061.05,1
399,285,9961.79,0
661,49,4420.9,0
121,127,5726.95,0
701,362,5055.75,0
424,579,6230.71,0
229,258,2934.6,0
156,382,7786.85,0
83,516,8375.1,0
580,153,2088.57,0
456,711,1964.82,0
282,331,4990.39,0
932,905,3313.49,0
555,870,8953.21,0
968,108,4269.1,1
648,338,8869.02,0
41,489,1313.42,0
754,646,563.29,0
429,674,9624.87,0
235,352,5730.72,0
891,901,3138.55,0
755,240,863.87,0
966,313,2526.91,0
506,139,8954.89,0
167,115,5170.98,0
805,211,2902.01,0
212,686,9723.94,0
95,389,201.68,0
573,829,590.42,0
565,740,3994.25,0
938,395,5520.8,0
381,156,1165.97,0
527,848,2746.55,0
95,472,1614.43,0
617,937,1397.85,0
132,473,4735.88,0
154,401,1260.15,0
563,18,4201.49,0
594,760,2756.39,0
597,765,3623.64,0
897,823,8171.97,0
442,421,3661.62,0
906,14,7679.18,0
225,341,8795.24,0
542,340,6590.32,0
34,963,7754.29,0
940,953,2130.73,0
650,97,2108.64,0
656,817,7505.7,0
15,835,5056.58,0
154,670,2510.38,0
427,875,2911.2,0
745,637,9650.43,0
249,387,6013.17,0
431,694,2283.15,0
463,156,6408.48,0
911,499,280.62,0
540,698,5320.68,0
824,825,7208.44,0
882,79,5294.57,0
291,350,1350.05,0
494,373,2123.84,0
450,115,743.94,0
447,223,1781.76,1
231,719,6347.26,0
947,393,8881.83,0
212,610,4874.39,0
932,376,8161.78,0
691,723,8786.85,0
798,953,7454.52,0
493,107,7161.89,0
78,350,7479.32,0
668,837,1962.46,0
892,197,517.37,0
782,238,8007.88,0
179,483,5047.7,0
866,894,4100.06,0
909,339,6912.89,1
894,697,7367.22,0
525,213,6858.33,0
301,591,5242.69,1
898,700,2184.94,0
158,599,3568.85,0
827,851,4814.66,0
982,408,5590.55,0
470,295,7506.22,0
644,872,209.0,0
831,692,9057.64,0
549,380,2967.28,0
726,450,1985.87,0
816,88,372.27,0
648,457,4667.49,0
983,801,6962.18,0
748,466,2378.74,0
163,699,841.2,0
605,225,5776.65,0
417,262,5753.98,0
305,661,8589.55,0
646,11,3754.19,1
19,936,2573.81,0
875,341,6918.95,0
513,259,226.88,0
255,248,8675.9,0
568,92,1504.45,0
825,403,6766.27,0
757,958,8856.94,0
801,156,5411.07,0
702,677,7880.95,0
884,241,850.11,0
878,329,275.59,0
701,214,4707.99,1
137,560,645.36,0
295,662,3124.47,0
731,436,4999.83,0
300,81,4798.81,0
420,412,5493.25,0
128,890,7349.74,0
220,671,3876.0,0
820,352,522.92,0
775,812,5616.16,0
246,605,1967.53,0
939,749,7815.59,0
829,657,2800.68,0
629,49,4018.69,0
635,380,6090.3,0
289,76,4056.43,1
378,981,2050.26,0
910,816,9047.97,0
440,473,7171.46,0
422,779,6087.72,0
743,592,5457.27,0
39,345,2894.27,0
488,613,607.82,0
465,204,5913.9,0
625,204,2249.5,0
424,921,1711.63,0
449,887,8051.44,0
223,331,6346.27,0
402,242,3150.35,0
849,159,8001.32,0
893,492,9244.64,0
83,343,9904.25,0
960,207,2158.12,0
348,815,8596.58,1
795,128,8440.55,0
13,790,8690.09,0
515,406,1789.68,0
343,625,4905.39,0
331,97,2068.43,0
805,778,7996.95,0
425,33,2315.14,0
535,878,2814.0,0
293,206,4738.87,0
432,112,7244.05,0
39,697,7533.57,0
996,373,5192.75,0
498,924,4107.31,0
571,740,9162.5,0
477,157,3422.78,0
741,620,9172.95,1
99,574,2969.91,0
911,843,4562.32,0
498,285,4775.77,0
792,717,2386.53,0
200,153,4229.47,0
354,323,168.64,0
829,6,6165.17,0
727,191,1283.95,0
474,510,4200.87,1
2,862,8554.44,0
651,806,7383.55,0
752,941,604.4,0
972,272,3049.15,0
643,319,2954.93,0
419,343,1822.82,0
668,125,9719.01,0
32,725,5536.28,0
82,502,6739.73,1
531,388,9219.81,0
959,663,8221.81,0
182,512,8079.4,1
796,222,246.72,0
152,205,2808.33,0
952,41,7622.29,0
331,584,6201.75,0
932,898,888.16,0
139,847,8045.62,0
693,961,7261.54,0
792,350,8722.28,0
702,685,2366.25,0
100,771,6925.2,0
311,21,4450.44,0
162,794,4581.4,0
244,427,1907.16,0
630,673,8352.41,0
889,696,6955.74,0
782,480,8286.83,0
296,704,6459.91,0
505,681,3406.25,0
797,406,5834.91,0
564,312,1195.77,0
895,634,2417.81,0
642,682,8522.62,0
320,67,1525.95,0
666,972,3699.02,0
823,336,2665.0,0
382,1,6451.15,0
404,721,4967.45,0
714,568,9025.24,0
389,868,8663.95,1
452,964,9212.73,0
842,930,3012.26,0
839,972,7010.71,0
825,742,8516.05,0
526,903,6624.53,0
366,689,533.54,0
788,451,6980.97,1
561,127,6517.7,0
375,985,9898.48,0
784,350,2352.88,0
868,55,6727.11,0
864,423,951.69,0
317,244,6791.67,0
935,826,4117.39,0
937,763,1493.07,0
379,559,8736.44,0
295,482,2549.69,0
369,808,931.74,0
914,101,5907.67,0
331,879,1185.74,0
498,845,8353.68,0
53,781,329.96,0
396,132,2448.99,0
829,112,9315.15,0
509,738,2048.89,0
587,264,1631.85,1
807,342,2964.31,0
636,403,8950.29,0
847,769,3023.57,0
482,517,1112.89,0
677,247,2563.57,0
700,384,395.12,0
688,798,683.28,0
526,345,7534.25,0
749,94,9248.77,0
747,791,5916.82,0
311,516,8819.26,0
665,390,5956.3,0
437,204,8013.72,0
294,417,8594.98,0
793,534,4025.05,0
130,629,9327.06,0
206,612,8704.01,0
667,745,2489.72,0
271,295,1795.78,0
77,248,6457.2,0
359,461,1568.82,0
537,938,7234.41,0
135,79,4195.93,0
778,948,6498.67,0
751,641,2762.94,0
114,536,2720.95,0
186,580,3037.14,0
320,221,368.13,0
41,784,7757.46,0
631,113,9574.32,0
211,624,3111.61,1
419,449,8989.6,0
331,463,5130.44,0
356,156,3248.42,0
451,73,2480.5,0
595,775,7584.46,0
114,301,2293.17,0
257,393,357.3,0
426,495,9491.65,0
864,874,2801.17,0
657,882,576.54,0
471,298,6419.88,0
190,795,7290.4,0
710,961,2615.62,0
583,215,7427.34,0
746,956,7349.72,0
474,870,6384.01,0
968,285,30.98,0
547,678,5472.8,0
892,973,9374.67,0
643,135,5799.27,0
718,901,5344.66,0
486,202,4741.68,0
292,696,4149.81,0
113,786,3194.13,0
181,279,4203.79,0
714,586,7391.19,0
809,487,3248.43,0
140,47,9733.62,0
904,215,5620.13,0
898,979,3888.6,0
20,914,3229.08,0
136,593,5573.6,0
47,268,3593.97,0
176,58,2136.28,0
742,655,1007.01,0
902,258,9432.15,0
697,352,5411.88,0
209,950,8126.86,0
386,169,9065.55,0
93,689,4400.77,0
203,306,5418.19,0
64,787,8814.69,0
931,230,321.34,0
681,985,4593.76,0
117,589,7583.47,0
635,312,2391.17,0
951,265,3816.97,1
98,305,4692.5,0
597,288,1197.36,0
952,882,1623.35,0
908,968,1304.05,0
88,229,8064.25,0
837,314,4824.96,0
348,27,4929.0,0
556,329,5034.97,0
682,315,7272.99,0
590,368,1893.41,0
164,945,6710.39,0
493,649,3954.6,0
670,764,2958.24,0
385,986,5056.15,0
83,447,6574.91,0
257,341,7198.95,0
54,927,8939.87,0
149,439,9725.3,0
346,146,7882.33,0
18,393,3721.29,0
704,318,6037.68,0
255,742,9540.67,0
477,297,3431.96,0
394,703,4047.27,0
59,183,5493.32,1
509,238,2352.12,0
842,196,2792.65,0
782,213,1377.54,0
610,824,7289.91,0
354,527,3318.54,0
68,693,1998.03,0
774,940,8487.63,0
828,813,8143.88,0
546,43,5215.28,1
150,993,2765.53,0
807,621,7509.38,0
436,734,1957.69,0
404,672,4702.11,1
670,791,4771.13,0
835,15,9138.57,0
878,423,7416.17,0
753,822,9407.3,0
20,924,2767.26,0
134,75,1446.03,0
116,278,4768.33,0
903,886,3145.28,0
305,452,8746.61,0
171,71,9753.28,0
671,627,238.08,0
360,767,4993.71,0
628,436,2476.21,0
743,789,6317.54,0
938,724,3884.18,0
555,7,327.59,0
343,480,9640.22,0
935,126,9967.17,0
461,790,8125.86,0
482,564,6533.8,1
264,525,5282.28,0
236,742,6968.86,0
29,267,5076.07,0
123,73,3733.64,0
375,267,9791.12,0
806,918,3230.69,0
139,376,956.6,0
229,546,509.23,0
304,553,7725.94,0
360,748,8992.59,0
729,356,963.61,0
201,405,3011.36,0
131,166,5476.54,0
109,988,6792.35,1
170,94,7678.66,0
33,592,1557.92,0
697,21,5143.4,0
523,601,1698.73,0
615,888,8325.95,0
360,189,9441.02,0
866,649,6112.62,0
629,983,1560.79,0
874,626,6604.86,0
145,639,854.45,0
923,521,9653.26,0
622,135,8776.41,0
237,496,3969.7,0
223,311,8957.42,0
86,427,8548.81,0
474,795,6831.31,0
413,219,9961.2,0
305,277,4038.2,0
200,121,5821.02,0
840,23,6428.39,0
52,273,5156.97,0
741,210,8991.8,0
818,883,9026.91,0
265,876,1452.34,0
492,476,1167.35,0
172,806,1334.82,0
665,58,4565.43,0
437,909,4116.12,0
769,936,4542.2,0
378,111,9653.67,0
299,377,6812.68,0
20,291,4795.94,0
84,566,9801.61,0
567,267,919.62,0
242,523,4427.29,0
287,345,4282.83,0
868,416,9246.96,0
896,819,719.18,0
465,760,3101.05,0
740,46,323.22,0
292,7,8076.01,0
249,399,3286.11,0
46,289,5339.81,0
927,957,223.04,0
463,383,5836.74,0
651,576,2571.93,0
266,838,1897.8,0
210,479,393.7,0
512,31,2257.07,0
877,648,34.81,0
117,739,5625.07,0
666,591,3106.36,1
81,958,6918.58,0
491,851,68.9,0
87,834,2358.09,0
519,958,8017.83,0
950,914,6184.95,0
323,182,8955.78,0
59,426,9027.16,0
13,245,158.68,0
62,969,3917.45,0
33,785,5871.61,0
496,168,2612.21,0
363,350,961.18,0
481,137,6263.13,0
763,591,7920.26,1
123,334,8811.07,0
284,264,4220.98,1
563,138,6781.09,0
942,384,8726.76,0
967,346,7156.4,0
738,250,1362.55,0
844,31,1458.77,0
544,399,4830.28,0
203,119,6377.63,0
140,347,2325.1,0
508,1,5481.65,0
741,81,3219.61,0
888,548,3822.44,0
133,877,6373.04,0
799,126,8424.93,0
276,971,7523.18,0
850,842,4352.4,0
712,469,6281.93,0
666,984,6896.3,0
652,221,8132.08,0
742,425,4869.34,0
667,342,7933.69,0
399,548,3380.87,0
821,398,6640.23,0
729,82,3730.9,0
549,832,3813.47,0
148,679,3574.15,0
811,568,9097.36,0
334,793,2895.36,0
818,982,9975.18,0
853,305,133.73,0
259,933,7121.16,0
794,226,8907.9,0
466,253,3024.97,0
369,917,528.18,0
17,174,226.28,0
987,852,9747.79,0
308,746,9933.52,0
800,441,2188.08,0
377,269,3243.81,0
112,931,1055.25,0
491,604,5351.39,0
479,873,3461.16,0
178,413,948.51,0
176,181,663.38,0
613,264,4311.68,1
175,736,3124.55,0
168,85,8285.65,0
5,374,6541.58,0
7,468,538.99,0
386,920,9413.7,1
159,266,1104.19,1
382,676,6284.69,0
845,653,4083.03,0
9,292,8457.66,0
165,803,1046.82,0
756,772,6581.28,0
571,539,3122.67,0
42,854,7597.65,0
266,358,6616.73,0
837,506,6215.11,0
861,371,8626.73,0
495,707,6677.42,0
707,622,7266.52,0
1,468,2609.61,0
705,354,4938.29,0
739,456,1595.51,0
149,514,1285.9,0
845,934,999.33,0
504,185,8535.03,0
568,335,1604.13,1
106,895,6228.32,0
48,317,2636.44,0
800,568,7418.51,0
703,720,6426.98,0
818,757,9223.69,0
952,885,8749.25,0
386,173,9993.22,0
882,82,2306.9,0
340,936,3767.71,0
851,356,8076.86,0
800,587,5821.55,0
502,10,3638.15,0
341,480,6862.92,0
43,145,719.19,0
60,941,6577.67,0
290,35,2954.75,0
170,665,2879.55,0
85,132,1906.84,0
875,264,4212.74,1
36,161,6956.26,0
579,10,9293.56,0
834,466,7521.82,0
249,338,1587.44,0
245,592,7228.89,0
534,211,9886.98,0
794,792,653.76,0
940,366,3801.99,0
795,128,6715.5,0
882,847,2864.25,0
506,619,655.62,0
143,653,7920.52,0
864,373,9457.03,0
969,410,9120.23,0
242,198,7138.87,0
331,176,5021.78,1
396,927,3265.38,0
709,386,8183.24,0
747,995,7579.9,0
859,948,3230.74,0
914,76,1420.45,1
708,440,8164.53,0
955,953,961.26,0
724,775,4120.97,0
451,496,9576.62,0
487,647,2712.38,0
146,893,6449.38,0
360,186,634.79,0
507,422,87.43,0
921,776,3506.08,0
416,523,3937.5,0
393,525,5571.47,0
544,17,1102.69,0
452,552,8221.75,0
903,678,8916.37,0
402,597,9955.89,0
827,644,1409.15,0
360,673,150.38,0
629,742,7406.31,0
362,120,9725.83,0
685,803,8064.07,0
425,56,1751.15,0
192,541,5793.06,0
388,242,3659.94,0
980,350,8491.51,0
19,86,4727.52,0
276,346,5210.35,0
152,309,8198.54,0
264,65,8941.51,0
19,307,1560.74,0
242,139,6804.69,0
92,124,3962.98,0
5,666,8419.18,0
230,853,918.85,0
100,262,4352.23,0
113,156,746.4,0
72,489,5764.49,0
897,166,7330.04,0
9,972,7286.21,0
366,858,4384.5,0
943,554,8331.57,0
46,471,9078.07,0
903,53,6965.05,0
447,884,8299.73,0
893,309,7988.81,0
952,281,1957.63,0
786,242,8302.67,0
151,394,2675.44,0
11,147,3921.31,0
59,186,2267.82,0
68,858,7307.07,0
515,206,8036.11,0
422,362,5567.69,0
15,442,4641.92,0
579,610,3253.81,0
996,133,6539.68,0
698,987,181.84,0
241,870,6906.8,0
304,267,8412.06,0
649,508,2079.93,0
893,126,999.7,0
963,337,301.62,0
221,195,367.93,0
13,200,6488.43,0
536,136,4721.01,0
950,329,2279.99,0
761,850,7399.06,0
11,542,7522.03,0
539,447,3203.55,0
590,63,1397.91,0
678,131,689.33,0
192,895,2157.85,0
369,12,7614.17,0
627,192,2348.9,0
260,221,10.02,0
41,3,2288.51,0
574,145,5472.08,0
847,644,7635.18,0
172,501,1954.7,0
979,576,766.09,0
926,435,9098.39,0
553,826,3313.47,0
909,327,3950.19,0
940,145,7287.18,0
568,783,2687.04,0
287,103,7083.38,0
732,875,3450.19,0
55,386,2194.68,0
812,462,9966.91,0
794,912,6773.82,1
747,652,7829.59,0
848,613,2741.4,0
901,569,7644.04,0
186,494,577.65,0
598,427,1393.26,0
734,785,5391.17,0
357,533,3934.73,0
16,871,7234.63,1
874,469,1651.14,0
798,70,3087.9,0
158,150,1434.08,0
854,645,7038.7,0
905,473,1392.01,0
236,750,2093.22,0
277,608,597.09,0
710,430,2260.34,0
39,251,4586.18,0
945,666,2539.62,0
791,508,8039.27,0
131,177,3486.23,0
683,704,6567.43,0
908,393,4447.96,0
797,88,8358.23,0
705,942,3689.47,0
458,755,832.19,0
262,962,9746.15,0
554,111,8087.3,0
50,626,9189.09,0
991,397,6644.94,0
686,478,4170.3,0
727,535,2170.69,0
558,330,4914.84,0
404,920,2741.7,1
997,996,3715.59,0
20,150,4858.75,0
450,19,9571.61,0
861,121,6665.47,0
961,138,3724.91,0
660,799,5689.43,0
504,677,9358.23,0
571,478,4339.51,0
247,802,1885.9,0
39,571,3504.59,0
983,76,7102.34,1
528,923,7953.53,0
297,871,2984.99,1
640,941,2201.67,0
290,224,1951.04,1
280,539,199.29,0
517,465,1401.43,0
349,636,7592.34,0
100,260,4809.55,0
592,173,9923.82,0
966,601,4727.94,0
468,423,1517.87,0
841,921,4445.95,0
52,813,3801.41,0
919,104,8751.38,0
933,473,2137.53,0
936,806,9107.91,0
652,654,6142.04,0
594,457,1329.02,0
897,567,8319.09,0
410,343,7084.68,0
615,113,6600.73,0
865,732,7541.78,0
542,818,3681.28,0
26,111,5233.33,0
140,824,251.01,0
185,515,5230.73,0
67,56,6912.18,0
917,598,1050.89,0
318,535,8703.98,0
792,390,4627.65,0
787,685,2881.51,0
221,54,66.9,0
26,297,3082.95,0
121,898,9173.63,0
370,15,2677.42,0
362,6,6415.79,0
437,191,5031.55,0
934,551,9472.07,0
855,636,9800.53,0
628,279,4526.41,0
535,637,3702.93,0
387,652,4136.38,0
277,651,4780.11,0
123,369,3233.04,0
929,598,4753.3,0
422,472,8246.95,0
458,807,7350.26,0
598,682,8736.27,0
708,560,8663.62,0
876,462,8728.16,0
457,724,2088.02,0
84,498,9172.52,0
53,650,9049.44,0
244,363,2178.65,0
502,562,4922.03,0
827,392,4736.14,0
846,727,4395.05,0
502,271,6702.48,0
762,477,2179.28,0
849,373,3088.51,0
224,603,4523.27,0
507,42,1930.43,0
120,979,8439.81,0
597,739,6824.45,0
775,900,8896.55,0
302,532,6562.58,1
85,326,6286.55,1
978,682,5574.23,0
556,744,7037.11,0
612,702,8542.28,0
172,605,6528.02,0
557,922,7186.37,0
633,64,4192.6,0
929,76,9202.95,1
854,371,3969.23,0
249,858,6196.6,0
112,111,5685.92,0
733,174,7354.24,0
185,447,2909.74,0
456,361,1984.64,0
671,846,4206.05,0
522,225,3640.0,0
193,404,2568.01,1
5,243,403.35,0
91,770,1946.55,0
207,672,9342.15,1
491,682,1993.18,0
708,999,3033.91,0
790,820,9785.32,0
201,628,3730.77,0
336,447,5166.98,0
495,210,4633.86,0
673,892,2431.63,0
491,422,6044.26,0
915,314,8111.99,0
275,550,4400.03,0
790,832,2102.91,0
548,72,5701.29,0
930,196,7186.46,0
120,318,9668.32,0
581,658,8665.26,0
271,849,6810.02,0
679,724,970.37,0
383,855,1670.27,0
582,921,5038.2,0
741,319,1945.73,0
481,972,7980.88,0
218,76,327.57,1
598,933,1591.19,0
718,675,2959.75,0
226,589,6410.71,0
307,847,6240.75,0
848,112,473.37,0
859,527,7917.12,0
755,829,1590.5,0
530,745,340.8,0
934,802,6400.04,0
268,235,43.75,0
754,903,7549.95,0
918,32,4606.26,0
865,702,4898.57,0
636,286,8540.53,0
686,201,200.95,0
412,496,4142.51,0
204,814,5392.27,1
640,148,573.15,0
504,753,4929.77,0
675,349,9112.29,0
122,429,6267.3,0
370,309,7869.18,0
607,739,6117.4,0
605,924,1967.07,0
568,779,1967.9,0
555,557,5617.0,0
483,801,5168.87,0
125,886,9832.12,0
158,176,4881.21,1
42,319,3939.46,0
183,456,873.68,0
554,938,459.77,0
833,373,1921.77,0
807,744,8046.94,0
533,655,3098.71,0
809,477,1523.36,0
428,756,2829.19,0
680,87,2503.78,0
207,673,3974.73,0
777,402,3770.3,0
526,857,3525.62,0
606,784,3352.22,0
777,795,1810.35,0
531,947,1986.69,0
864,705,6823.38,0
82,914,8159.83,0
448,319,7296.34,0
99,188,6282.14,0
762,771,5344.95,0
883,106,9297.56,0
752,411,4199.14,0
918,304,5599.58,0
221,21,3819.44,0
979,730,7536.58,0
616,994,5878.7,0
872,583,8000.45,0
158,553,8510.73,0
777,772,4553.24,0
138,942,3110.88,0
433,254,6861.53,0
333,70,6681.61,0
449,270,3959.84,0
581,887,5864.72,0
466,659,2955.27,0
856,86,7408.81,0
146,222,1818.86,0
227,905,8794.13,0
771,911,5156.8,1
153,395,7643.91,0
116,850,7239.41,0
349,548,4071.75,0
924,948,7357.63,0
993,114,9770.2,0
116,398,515.0,0
419,447,1209.5,0
854,753,1912.99,0
280,210,2096.06,0
144,443,7516.33,0
793,853,2771.35,0
786,38,4568.38,0
310,859,1517.6,0
996,602,876.06,0
919,694,5213.16,0
221,140,864.52,0
271,69,974.44,0
315,288,7153.2,0
877,154,3391.43,0
618,552,7984.83,0
915,815,249.71,1
419,464,8745.56,0
591,296,1641.54,0
5,264,8050.16,1
931,281,8702.21,0
502,603,8837.54,0
40,866,1582.02,0
261,958,8736.08,0
649,398,6658.76,0
348,646,4212.03,0
568,79,7109.8,0
310,203,989.08,0
583,497,299.71,0
114,604,8010.46,0
116,93,2853.86,0
96,147,4485.57,0
228,86,6778.11,0
28,626,7949.86,0
490,604,7544.48,0
344,879,5536.69,0
627,604,5206.09,0
777,994,9042.98,0
811,898,9506.33,0
580,345,1258.81,0
940,976,7316.89,0
359,639,254.8,0
400,916,7123.66,0
947,915,6754.38,0
297,755,8385.78,0
889,252,9154.08,0
588,678,364.1,0
576,311,8384.29,0
241,372,914.4,0
393,724,4863.47,0
676,103,8146.97,0
796,566,7473.08,0
913,492,298.0,0
597,242,6489.8,0
894,918,9105.72,0
316,217,1506.92,0
405,278,9101.1,0
904,634,9093.78,0
7,366,9855.92,0
135,919,6992.43,0
378,321,831.31,0
224,571,8321.98,0
771,466,4364.67,0
31,568,7837.48,0
109,304,6580.62,0
329,404,1670.71,1
815,504,3925.43,0
98,401,1802.23,0
34,340,7031.4,0
521,359,160.33,0
127,442,1195.44,0
479,846,7057.37,0
6,662,7996.05,0
93,164,809.16,0
875,146,587.22,0
393,365,5613.59,1
328,971,7280.13,0
879,333,287.36,0
116,194,8220.37,0
70,95,620.79,0
288,660,6288.11,0
855,562,1454.92,0
81,662,4914.09,0
584,780,3922.47,0
341,74,3782.5,0
246,414,9886.68,0
89,164,6955.67,0
573,456,6014.59,0
472,137,3435.13,0
357,441,8546.28,0
114,409,7923.44,0
314,380,7428.6,0
460,702,4434.54,0
605,774,1329.79,0
625,799,7737.19,0
814,133,1000.86,0
970,116,7619.94,0
931,584,5382.82,0
286,211,1449.6,0
182,946,3468.4,0
488,836,9585.33,0
960,774,843.57,0
585,204,2043.89,0
637,680,3511.57,0
629,888,690.9,0
803,844,8019.2,0
658,668,9107.55,0
981,634,6147.84,0
693,120,3267.87,0
653,736,4351.33,0
614,937,3778.58,0
962,497,6317.73,0
205,631,8539.21,0
430,508,9794.25,0
964,778,9686.94,0
375,160,276.67,0
526,777,4903.78,0
73,715,7290.78,0
535,967,4220.64,0
487,764,7393.97,0
629,125,8023.54,0
251,306,1905.44,0
856,959,2186.72,0
904,761,6512.07,0
531,386,6228.96,0
17,340,7455.0,0
771,21,6466.81,0
826,595,7262.38,1
269,200,9130.82,0
444,117,9722.48,0
228,346,2569.43,0
265,474,5639.11,0
381,200,9495.38,0
836,306,829.56,0
949,517,7919.62,0
735,126,5939.94,0
175,228,2994.14,0
753,310,8034.83,0
843,2,1131.74,0
35,576,1148.4,0
456,474,922.07,0
336,339,9198.87,1
670,52,6625.86,0
271,917,5882.48,0
221,959,188.02,0
251,871,9195.03,1
594,356,8610.44,0
281,464,2283.57,0
659,776,1854.45,0
774,848,7202.56,0
218,185,1276.1,0
275,297,2881.72,0
722,57,2892.3,0
549,442,1450.49,0
867,451,5304.6,1
542,772,9655.92,0
106,73,947.12,0
520,975,6988.16,0
384,675,6055.71,0
256,801,8776.41,0
664,699,9222.63,0
598,56,8420.75,0
961,310,3448.46,0
224,886,2729.94,0
491,847,7122.92,0
166,272,8323.18,0
722,943,8248.61,0
636,580,4430.34,0
863,23,1379.42,0
786,713,9273.54,0
860,378,8705.05,0
564,68,931.7,0
386,781,5426.98,0
808,672,3849.74,1
173,959,7423.34,0
350,180,6260.62,0
362,820,1555.88,0
789,903,3160.86,0
347,80,4335.86,0
342,827,9621.24,0
867,832,9587.68,0
370,519,8783.28,0
179,683,145.05,0
376,815,9546.77,1
897,274,2806.65,0
43,342,3347.89,0
57,599,8050.37,0
818,489,1945.73,0
882,383,6305.32,0
995,585,8702.03,0
919,241,3359.61,0
793,705,9237.63,0
513,90,7000.73,0
852,435,7774.0,0
835,418,8245.37,0
582,431,152.74,0
925,203,9791.51,0
853,105,140.49,0
562,33,5930.24,0
163,954,6661.76,0
975,566,8954.51,0
476,873,9328.04,0
974,731,9998.98,0
767,812,4542.94,0
584,579,6844.59,0
590,530,3318.57,0
111,907,6302.56,0
884,673,6724.49,0
666,36,2860.03,0
894,635,4356.99,0
850,813,7677.44,0
771,358,6775.13,0
648,717,7067.93,0
112,116,8885.3,0
979,766,8476.8,0
778,633,2535.0,0
633,278,9251.61,0
475,441,4152.02,0
242,753,8589.8,0
740,14,9884.34,0
537,125,5424.66,0
450,71,4887.76,0
376,284,108.77,0
546,734,2377.16,0
742,869,7339.89,1
45,638,4423.95,0
928,587,3518.9,0
577,717,7570.23,0
878,10,7744.81,0
166,420,1060.1,0
666,806,1579.47,0
220,180,5088.64,0
647,430,6074.52,0
230,129,7917.47,0
223,828,3917.43,0
739,612,8597.52,0
961,381,2420.99,0
426,192,8583.74,0
264,883,3627.1,0
563,956,8523.96,0
32,805,6643.15,0
114,796,4058.28,0
828,176,2959.92,1
402,975,7939.43,0
639,562,8635.15,0
843,667,5579.66,0
345,61,3837.62,0
423,666,1955.98,0
23,413,920.72,0
501,797,5746.84,0
81,477,5492.19,0
555,384,2866.22,0
150,256,2524.71,0
222,921,3329.79,0
638,211,9062.15,0
511,650,6743.27,0
553,255,1916.33,0
743,506,4950.22,0
26,561,3837.31,0
882,508,4770.56,0
706,65,3795.61,0
413,735,7808.17,0
582,64,9594.98,0
730,474,9413.4,0
598,740,2933.46,0
925,833,6898.91,0
626,412,1553.12,0
402,135,5547.73,0
36,184,3869.79,0
677,331,3517.15,0
330,955,3291.29,0
316,876,1556.94,0
280,628,8647.18,0
657,521,4672.53,0
553,358,4846.57,0
178,7,7477.69,0
840,738,2752.15,0
331,505,7868.56,0
762,870,4425.36,0
172,362,3642.66,0
215,582,7214.37,0
985,944,9860.21,0
856,790,227.73,0
914,968,7228.34,0
670,222,8720.76,0
495,76,3300.75,1
967,918,1832.09,0
124,223,3930.67,1
701,648,9012.19,0
291,948,271.37,0
924,618,9327.36,0
729,720,6969.76,0
478,827,5003.23,0
769,693,7150.22,0
3,998,1173.65,0
384,728,9635.4,0
193,299,8954.83,0
413,755,2784.44,0
519,402,5636.89,0
796,862,1053.22,0
400,715,9523.63,0
792,845,5843.29,0
966,782,4129.2,0
44,342,6789.86,0
386,831,1398.72,0
24,445,4322.99,0
682,936,2200.83,0
832,483,1704.2,0
580,145,1156.66,0
352,111,4005.01,0
492,761,4152.95,0
533,191,3893.07,0
141,197,6589.96,0
875,603,7314.8,0
384,556,2782.72,0
971,25,237.43,0
277,81,1763.58,0
256,679,1826.58,0
427,517,5390.74,0
579,541,2642.05,0
888,991,1652.36,0
357,397,1470.15,0
983,532,5676.46,1
219,995,776.88,0
957,547,6013.09,0
58,724,7334.65,0
273,575,6227.84,0
211,541,2904.36,0
393,559,2588.59,0
943,584,7728.75,0
933,565,2452.37,0
374,572,5992.6,0
231,620,4688.17,1
388,360,3506.03,0
829,518,4080.21,0
458,699,1726.46,0
993,454,8191.58,0
637,76,6501.59,1
88,753,8426.2,0
154,357,4832.31,0
14,658,2544.9,0
495,899,4858.42,1
413,823,7863.82,0
874,761,9989.85,0
814,559,3935.88,0
732,431,4691.54,0
429,274,618.33,0
359,748,1152.99,0
654,576,1718.41,0
751,551,3108.24,0
611,560,9093.68,0
581,150,5581.49,0
504,943,7461.38,0
526,30,6050.85,0
484,274,4471.96,0
195,26,4678.6,0
630,75,5300.6,0
705,38,631.39,0
421,373,6996.5,0
582,123,5097.42,0
930,502,8986.06,1
855,479,4198.43,0
628,127,9685.33,0
932,677,4862.66,0
189,65,6227.23,0
479,1,5604.58,0
264,65,9364.38,0
849,786,5395.04,0
224,69,8179.81,0
991,613,732.23,0
563,639,3496.81,0
917,168,1841.51,0
261,86,2730.31,0
56,444,7293.68,0
176,58,8909.96,0
77,395,638.78,0
291,456,2821.08,0
650,955,4595.82,0
861,30,4346.5,0
613,339,2070.62,1
907,382,269.18,0
513,398,7599.06,0
273,556,73.35,0
934,986,2999.51,0
485,282,3450.76,0
50,482,7831.81,0
56,496,5267.85,0
813,400,8055.53,0
354,606,6990.82,0
444,956,3111.54,0
125,395,3911.44,0
94,337,2927.63,0
170,836,2216.04,0
902,862,8155.52,0
958,575,6982.0,0
701,33,7317.37,0
665,421,1439.85,0
279,86,4033.94,0
662,62,7956.89,0
229,752,351.38,0
50,65,2906.26,0
692,972,8939.52,0
737,845,3932.22,0
985,770,3440.25,0
662,612,3284.26,0
905,535,8021.12,0
721,916,7932.36,0
582,775,3048.63,0
336,563,2277.07,0
271,66,8192.29,0
727,361,615.61,0
586,953,6377.12,0
493,719,4358.06,0
921,838,4437.25,0
647,901,2714.78,0
443,284,5721.37,0
671,454,1897.52,0
783,312,4148.55,0
268,195,3855.41,0
163,515,7955.75,0
789,125,7096.41,0
763,254,1121.28,0
128,184,5371.29,0
756,12,2074.16,0
836,760,4886.13,0
899,445,2618.98,0
731,756,8752.94,0
407,274,2428.67,0
624,926,9269.37,0
540,132,1908.28,0
625,115,8715.74,0
863,292,5912.14,0
780,277,9179.82,0
78,404,4469.46,1
562,883,7614.2,0
622,911,9776.08,1
497,590,9358.33,0
841,958,7651.86,0
543,818,8385.09,0
964,346,2674.01,0
299,154,8247.9,0
13,296,805.03,0
170,132,6693.16,0
106,469,416.45,0
217,152,5797.79,0
425,616,9809.14,0
144,771,5169.13,0
508,175,2242.07,0
597,166,1084.97,0
448,249,3500.04,1
356,847,7623.24,0
751,347,3473.89,0
551,958,3602.79,0
731,345,5081.21,0
468,231,5558.33,0
681,588,6341.39,0
148,894,6482.72,0
817,728,247.57,0
443,417,4440.93,0
802,820,5016.97,0
837,809,2530.29,0
58,321,6230.82,0
249,216,7942.71,0
953,721,8709.56,0
337,161,8401.08,0
365,679,1808.18,0
379,922,2113.15,0
522,769,5358.32,0
307,911,663.61,1
971,761,9720.95,0
726,61,5500.32,0
534,896,3179.76,0
817,267,2785.63,0
538,966,1175.16,0
549,966,6145.15,0
131,732,5119.73,0
233,445,7236.4,0
417,731,5566.15,0
364,595,9995.88,1
131,573,3519.61,1
535,884,5320.78,0
844,28,9616.97,0
455,262,5439.87,0
312,978,7240.55,0
678,278,5387.82,0
179,635,6915.12,0
539,718,6377.64,0
199,37,8197.19,0
741,458,3679.45,0
54,225,6197.9,0
317,582,1829.57,0
365,809,32.59,0
213,712,3504.97,0
172,906,1478.74,0
855,642,5211.72,0
4,556,2323.59,0
924,86,2347.04,0
656,439,6769.95,0
590,406,1815.21,0
470,616,3587.83,0
238,376,9131.3,0
777,989,4869.35,0
898,910,6475.46,0
57,30,6425.03,0
36,769,4473.22,0
300,747,2040.98,0
16,129,1039.38,0
407,20,5691.4,0
46,304,5791.92,0
76,200,2235.83,0
337,22,3055.75,0
705,905,157.79,0
265,499,43.38,0
422,435,4287.35,0
718,253,4082.6,0
972,152,7039.5,0
88,407,3586.47,0
955,604,5287.49,0
867,196,2054.74,0
701,447,919.48,0
64,936,7678.01,0
81,978,5262.01,0
789,447,6275.35,0
99,133,7462.23,0
732,122,4704.05,0
76,644,1973.34,0
3,457,2279.01,0
279,728,1597.87,0
607,611,9069.44,1
613,521,1380.19,0
936,441,5476.41,0
57,77,3341.36,0
163,482,6614.47,0
61,873,4281.63,0
135,332,2545.37,0
243,789,7027.57,0
68,576,3120.79,0
83,607,7142.87,0
105,57,1563.92,0
862,261,8035.32,0
848,676,9157.97,0
780,794,5533.28,0
0,360,8403.47,0
331,662,6916.61,0
356,840,2180.68,0
57,245,9337.03,0
48,135,1818.87,0
84,121,6675.11,0
74,209,8937.93,0
939,582,4154.38,0
359,463,5876.03,0
313,330,8327.14,0
987,159,9785.13,0
432,460,289.18,0
190,341,4522.22,0
903,911,4356.32,1
200,297,3405.83,0
862,356,113.41,0
29,50,3828.03,0
971,520,2244.84,0
910,512,5130.85,1
475,76,2900.91,1
847,210,2597.13,0
223,427,7641.62,0
702,295,5245.96,0
216,288,1999.17,0
974,61,5145.17,0
929,403,4060.3,0
223,952,1697.09,0
198,871,4828.73,1
850,349,2701.65,0
952,566,8054.85,0
381,936,1354.41,0
882,912,630.54,1
65,990,3216.17,0
867,517,1280.5,0
137,233,5729.31,0
656,941,111.12,0
933,499,5909.43,0
666,660,2319.2,0
663,647,5604.74,0
490,543,1019.35,0
8,722,6264.98,0
97,975,5023.13,0
695,340,6608.72,0
188,66,1925.52,0
540,199,1131.3,0
404,120,1569.6,0
63,257,8701.47,0
17,348,2934.17,0
610,377,7129.09,0
930,415,3185.94,1
436,757,2129.88,0
912,501,4801.91,0
572,731,846.58,0
264,337,6822.08,0
199,749,1035.52,0
480,257,4637.54,0
320,143,2167.13,0
7,514,6120.01,0
384,874,1599.79,0
205,55,7555.55,0
324,370,6228.8,0
30,215,4827.12,0
25,203,6459.39,0
717,577,470.06,0
831,463,6037.73,0
219,211,4220.81,0
881,692,4571.33,0
206,806,9255.35,0
390,834,9381.56,0
797,883,2636.52,0
833,123,2039.97,0
989,64,1640.15,0
191,839,2107.16,0
993,647,6504.09,0
992,373,86.67,0
253,883,8928.79,0
33,350,3447.03,0
837,61,8602.22,0
108,197,8609.24,0
641,213,9944.97,0
836,668,7236.88,0
529,253,3873.88,0
776,273,8950.7,0
624,808,4080.1,0
629,171,7161.77,0
191,831,2883.73,0
838,161,5524.77,0
188,596,6777.6,0
316,407,2904.46,0
794,241,8051.21,0
676,875,6689.34,0
770,151,5278.47,0
552,858,5663.78,0
386,948,6040.49,0
459,950,8445.14,0
956,326,9081.37,1
183,77,9355.36,0
227,399,3693.06,0
315,844,7223.75,0
56,292,6725.82,0
2,296,7050.08,0
662,204,4767.23,0
447,337,9740.74,0
628,115,652.08,0
131,92,4326.97,0
913,861,1433.38,1
107,162,2025.24,0
795,641,5904.55,0
328,122,3336.21,0
651,641,9286.9,0
156,369,9436.63,0
178,36,3735.36,0
611,178,7054.95,0
257,811,6026.4,0
429,183,9440.6,1
700,573,4470.19,1
947,312,5488.95,0
256,361,6777.68,0
706,62,9253.57,0
278,133,7070.44,0
751,115,7141.09,0
546,667,9953.39,0
59,130,2842.11,0
949,275,5026.16,0
877,97,7299.2,0
912,23,5667.88,0
637,866,2863.93,0
492,417,7529.91,0
235,18,1570.34,0
603,441,3888.65,0
254,735,6243.13,0
785,232,2563.78,0
520,783,212.86,0
875,338,3080.21,0
879,871,963.42,1
820,380,8967.82,0
332,885,2829.47,0
164,133,8381.01,0
546,631,5418.45,0
906,487,2484.64,0
135,371,9632.7,0
599,99,8006.62,0
325,125,8060.09,0
494,70,7092.5,0
778,320,2043.82,0
86,15,3588.52,0
374,540,441.18,0
130,812,3681.15,0
674,411,1751.81,0
884,651,6025.45,0
846,150,9909.14,0
492,259,2522.32,0
890,253,49.79,0
478,429,5956.68,0
335,216,3679.67,0
156,103,5750.21,0
582,998,56.44,0
912,194,1136.76,0
979,676,7642.29,0
17,999,8057.78,0
381,416,5757.0,0
356,946,1721.32,0
451,635,5179.74,0
616,310,9807.68,0
363,137,4753.52,0
497,2,81.58,0
185,225,9375.45,0
651,628,9063.85,0
969,709,5039.21,0
423,629,2670.35,0
163,695,7269.33,1
67,11,8703.05,1
992,63,2788.32,0
49,263,3033.99,0
146,876,6179.54,0
70,770,853.27,0
128,153,6359.52,0
123,107,6741.04,0
678,617,69.78,0
714,968,8886.73,0
112,618,1284.81,0
508,967,8014.18,0
951,707,7562.88,0
880,918,8954.45,0
313,955,8856.77,0
280,292,8808.38,0
974,557,5120.46,0
105,620,922.67,1
572,849,3765.43,0
782,41,6631.99,0
174,654,6933.25,0
41,260,9120.17,0
273,758,3784.68,0
958,91,3965.31,0
189,190,6980.88,0
271,904,3211.43,0
576,285,2428.27,0
867,277,1748.59,0
372,605,6708.86,0
804,789,9956.25,0
830,905,733.35,0
801,220,2523.28,0
723,985,5230.07,0
217,78,4038.86,0
482,640,5344.91,0
35,12,6598.44,0
216,601,4157.4,0
737,540,1334.58,0
162,856,159.12,0
475,835,796.32,0
94,224,3603.92,1
975,700,7222.14,0
971,649,174.56,0
428,70,2462.9,0
782,907,6801.0,0
795,686,3252.42,0
45,966,7886.59,0
723,382,2700.19,0
922,935,434.29,0
171,671,9413.24,0
606,491,7186.42,1
224,271,9839.93,0
318,195,5753.69,0
835,790,2526.51,0
401,822,4578.41,0
615,171,1359.92,0
155,406,6738.24,0
368,806,3590.78,0
43,264,6443.37,1
182,276,1869.5,0
385,259,1243.74,0
263,993,6310.6,0
399,760,234.44,0
709,473,4294.41,0
320,41,8988.43,0
527,364,9468.58,0
952,371,4622.27,0
398,182,7676.78,0
533,178,7691.82,0
467,381,184.57,0
225,951,3104.37,0
858,267,8518.82,0
258,348,2546.69,0
526,720,4369.59,0
38,202,4302.97,0
978,229,9029.06,0
910,889,9838.66,0
81,992,2069.92,0
297,583,4528.86,0
862,673,3036.5,0
435,676,8297.01,0
537,152,5056.76,0
409,609,4811.66,0
827,951,7146.54,0
810,728,5185.2,0
514,435,8692.91,0
252,767,3198.06,0
96,902,1336.8,0
503,613,2322.34,0
784,19,1353.37,0
671,385,2780.31,0
707,395,1746.07,0
13,872,1722.08,0
637,474,1440.49,0
174,717,1289.64,0
136,475,2862.59,0
16,451,9823.82,1
158,902,9177.62,0
699,851,3721.0,0
661,163,9872.13,0
634,140,3076.36,0
238,167,1461.62,0
537,549,826.38,0
955,995,9851.0,0
143,548,8115.61,0
42,850,4063.0,0
5,232,3002.43,0
273,316,4688.13,0
214,861,2066.86,1
282,559,1393.15,0
520,118,6204.75,0
823,781,456.18,0
101,705,133.35,0
978,638,6257.01,0
645,951,5489.72,0
778,274,2683.17,0
351,248,6688.16,0
196,295,6693.9,0
95,251,3010.11,0
311,768,2996.69,0
496,400,2098.26,0
493,703,6751.71,0
631,152,8337.43,0
141,47,4959.41,0
319,194,7906.26,0
277,978,5399.2,0
372,200,3604.29,0
619,261,947.23,0
170,612,923.39,0
297,659,5858.19,0
310,152,801.04,0
390,94,4222.62,0
761,995,6751.1,0
877,27,8245.21,0
108,698,9215.44,0
707,389,9453.11,0
3,764,1080.37,0
290,864,944.82,0
653,621,2319.44,0
61,961,2799.17,0
64,686,5173.95,0
146,514,8706.81,0
986,236,3789.07,0
312,127,9960.75,0
347,690,5592.77,0
469,343,9116.15,0
186,430,6075.01,0
0,716,7748.25,0
863,351,6624.8,0
464,430,8278.82,0
894,604,4512.17,0
684,254,6228.36,0
466,125,9223.84,0
600,886,9906.13,0
838,641,5849.01,0
802,97,6244.92,0
88,739,8462.74,0
686,420,8732.35,0
209,687,7238.16,0
805,262,3513.32,0
460,472,375.08,0
923,532,2760.58,1
596,698,3754.76,0
61,134,4285.97,0
345,323,6360.61,0
65,577,610.77,0
952,257,33.19,0
703,354,4516.03,0
217,195,6545.39,0
864,948,7326.59,0
42,835,3910.56,0
458,534,9596.2,0
33,548,7483.88,0
760,790,4547.97,0
432,380,1400.83,0
966,730,6547.55,0
333,705,1772.63,0
901,846,7934.35,0
605,545,5694.09,0
415,35,5928.82,0
283,303,6219.43,0
280,733,242.06,0
337,551,3430.72,0
802,153,6374.3,0
479,571,9038.78,0
764,658,1977.36,0
900,621,5202.47,0
824,311,8270.37,0
979,643,3623.91,0
219,854,5575.78,0
277,587,301.35,0
783,204,9885.92,0
529,310,4341.28,0
405,576,189.82,0
637,957,4390.89,0
620,10,42.3,0
126,769,1371.43,0
282,703,5392.17,0
716,915,8941.39,0
259,955,6589.88,0
763,501,5012.4,0
462,781,1717.43,0
638,755,2603.71,0
536,416,8121.47,0
333,631,3460.46,0
518,833,9908.67,0
338,985,5285.5,0
71,784,9252.48,0
783,304,5564.85,0
82,894,7553.91,0
886,608,2104.43,0
138,351,8865.62,0
988,42,9795.71,0
543,223,8795.23,1
295,603,8370.47,0
469,54,4537.57,0
455,207,5516.86,0
30,215,2265.58,0
111,569,7000.11,0
43,793,1045.58,0
890,770,3712.19,0
437,518,6001.73,0
557,350,3181.19,0
589,958,6415.12,0
499,272,4926.91,0
384,269,1278.29,0
657,114,3850.26,0
90,629,9751.17,0
303,7,2538.34,0
872,922,4953.25,0
889,401,9135.06,0
577,453,141.29,0
0,281,9962.85,0
933,956,9358.07,0
87,35,428.96,0
705,518,2381.84,0
384,894,1827.55,0
333,351,4485.77,0
673,987,886.54,0
166,729,9717.17,0
630,150,9114.28,0
310,474,6759.65,0
341,819,5417.3,0
409,634,4200.71,0
588,875,2265.93,0
939,356,7285.21,0
223,951,2093.57,0
526,119,5069.99,0
735,739,3404.41,0
231,211,5960.39,0
179,300,6887.41,0
452,6,2118.85,0
937,421,1862.51,0
995,187,2343.24,0
299,384,7882.99,0
442,530,1175.66,0
885,998,7379.46,0
551,897,6614.0,0
446,587,680.89,0
987,417,2992.33,0
197,514,6976.76,0
415,495,3657.86,0
870,869,998.82,1
980,963,1225.72,0
224,751,8689.72,1
301,131,7073.6,0
733,422,6644.87,0
921,867,4320.55,0
828,894,8088.74,0
60,539,7302.73,0
320,497,4008.76,0
704,681,9574.33,0
484,336,1856.8,0
847,718,2493.06,0
675,724,9718.19,0
616,733,4852.33,0
325,309,4893.75,0
851,36,3429.03,0
839,361,821.86,0
968,977,9278.97,0
782,317,2321.09,0
241,148,3832.87,0
765,673,7307.08,0
575,990,6053.77,0
616,973,2812.15,0
6,794,7834.98,0
251,938,3873.93,0
452,101,1459.79,0
723,712,1902.58,0
86,321,2374.25,0
428,987,7023.32,0
96,31,8953.45,0
39,383,67.21,0
54,373,9005.88,0
198,723,8756.97,0
175,116,6120.07,0
386,405,657.49,0
634,131,1900.83,0
144,743,485.58,0
849,268,7628.65,0
120,919,1907.12,0
802,146,4945.29,0
112,529,408.21,0
919,119,9493.6,0
398,296,2354.51,0
402,518,6870.9,0
619,172,6768.56,0
200,156,2706.06,0
651,729,6111.76,0
982,801,1942.79,0
748,124,3418.59,0
105,366,64.83,0
353,203,69.19,0
882,660,5596.17,0
705,576,722.49,0
874,419,988.37,0
756,606,4272.09,0
372,916,9879.47,0
424,655,462.02,0
410,776,6905.78,0
304,432,2737.67,0
469,173,350.59,0
591,746,9032.14,0
632,126,700.02,0
908,397,847.74,0
679,967,2147.6,0
628,460,7582.0,0
698,57,9535.13,0
963,884,2917.01,0
105,62,1382.01,0
777,86,8527.44,0
175,502,5757.65,1
196,768,3378.64,0
557,980,7641.31,0
711,706,1913.9,0
52,520,1659.04,0
434,432,8122.67,0
478,6,2445.83,0
203,35,8906.52,0
757,416,8381.14,0
15,72,3939.86,0
392,725,2247.59,0
956,514,4321.48,0
89,803,7727.54,0
466,852,193.18,0
765,661,173.89,0
868,289,5313.13,0
736,478,2032.49,0
297,187,6312.85,0
244,762,3105.86,0
506,674,9896.21,0
900,290,1227.18,0
335,781,2447.14,0
940,426,333.61,0
111,350,559.79,0
575,80,8659.53,0
616,53,2929.21,0
327,291,6364.26,0
431,619,6045.94,0
811,371,8922.68,0
716,763,9331.42,0
354,408,5268.5,0
404,811,1506.57,0
545,15,8399.34,0
335,430,4682.95,0
115,212,7372.83,0
602,579,9610.47,0
71,831,2696.74,0
338,136,1021.93,0
84,879,3169.0,0
49,827,5509.8,0
447,709,4122.75,0
546,550,7786.18,0
933,787,8929.25,0
347,431,4029.56,0
54,730,3212.6,0
524,884,8617.99,0
131,327,1950.18,0
100,796,8198.23,0
82,423,4517.45,0
773,724,8495.21,0
942,955,9201.49,0
157,587,4187.28,0
306,404,9736.78,1
318,724,7785.61,0
196,314,8504.88,0
332,571,4292.89,0
968,647,897.41,0
494,398,5631.11,0
3,656,7117.92,0
589,583,6756.88,0
342,674,5430.68,0
342,62,7240.64,0
116,920,9719.96,1
961,904,7603.56,0
170,877,411.74,0
369,140,6326.65,0
461,137,7789.89,0
83,712,9458.21,0
40,756,1939.9,0
736,823,2165.1,0
979,882,8340.87,0
188,519,1578.57,0
34,425,1798.14,0
692,800,9723.14,0
309,702,7470.73,0
628,77,5195.22,0
473,722,1631.77,0
767,415,4792.6,1
660,614,1771.66,0
641,56,7374.32,0
418,832,5992.08,0
113,429,1012.58,0
57,684,4040.67,0
217,328,4705.25,0
847,416,3588.05,0
844,311,3295.16,0
959,924,822.89,0
737,715,487.19,0
75,23,1828.63,0
251,122,1510.25,0
189,208,4964.29,0
826,653,6267.88,0
689,804,1872.47,0
640,518,5713.36,0
832,336,2118.66,0
253,200,3220.6,0
865,473,4030.89,0
365,22,2456.48,0
973,237,7184.59,0
455,108,4503.48,1
641,887,2345.44,0
254,214,8516.86,1
357,185,5414.53,0
163,519,2349.94,0
478,772,6849.05,0
286,408,2467.94,0
917,696,5153.21,0
259,995,9934.89,0
235,102,2769.25,0
97,956,4107.89,0
526,817,1458.02,0
427,127,5559.41,0
18,764,8106.69,0
413,581,9432.02,0
16,362,2908.31,0
962,474,7302.15,0
578,651,3642.3,0
60,107,8476.5,0
122,233,8044.46,0
499,303,792.75,0
578,650,8902.53,0
465,200,7368.26,0
689,304,702.21,0
682,215,586.45,0
510,630,9050.94,0
267,150,2683.46,0
32,873,2514.7,0
426,668,3703.66,0
446,154,798.33,0
509,590,7844.72,0
319,710,8519.8,0
218,582,1582.2,0
648,477,8082.7,0
829,0,4067.7,0
358,710,6719.02,0
546,478,2829.13,0
312,986,6831.34,0
413,45,6401.88,0
950,259,9609.58,0
886,891,3080.68,0
153,203,1335.0,0
800,877,5862.59,0
73,862,8841.55,0
254,411,1413.71,0
870,52,5244.11,0
121,102,3943.81,0
519,949,5706.45,0
470,278,2841.75,0
798,584,4918.67,0
680,772,6490.96,0
584,859,6814.78,0
845,173,2348.51,0
703,72,4386.2,0
336,170,208.63,0
215,863,3473.76,0
443,203,4926.95,0
583,821,5945.04,0
530,782,8818.96,0
892,578,709.28,0
964,720,437.95,0
798,114,966.74,0
325,814,2863.86,1
263,838,1114.83,0
28,632,2778.02,0
423,905,6719.83,0
985,617,5351.85,0
543,176,4112.88,1
486,584,5965.69,0
139,912,9894.47,1
871,58,5086.31,0
671,47,6597.9,0
452,748,789.3,0
194,860,9546.62,0
454,443,4837.79,0
63,535,1894.0,0
663,22,6472.57,0
306,49,9676.91,0
827,207,2078.86,0
822,290,2955.34,0
624,198,8465.58,0
338,886,3028.94,0
101,376,6494.74,0
953,699,9184.09,0
682,947,9418.1,0
322,97,6890.25,0
539,382,4535.81,0
433,207,972.48,0
9,744,8638.53,0
564,748,2183.03,0
914,872,8406.26,0
661,621,3034.32,0
81,724,5904.87,0
955,802,2338.65,0
255,722,5494.13,0
901,439,8297.96,0
519,699,6299.77,0
211,118,7354.05,0
296,162,8009.89,0
952,111,5586.66,0
104,322,516.8,0
938,5,4086.84,0
417,841,6898.15,0
457,167,7759.39,0
833,966,2655.29,0
625,168,1034.56,0
805,689,4700.02,0
301,271,3607.3,0
682,852,3650.81,0
907,23,6867.39,0
857,222,8931.59,0
906,773,1357.16,0
196,24,286.56,0
969,430,8507.48,0
467,151,2471.8,0
346,301,7140.77,0
715,310,5928.52,0
88,679,171.02,0
161,409,3376.1,0
227,374,6291.56,0
517,737,4726.83,0
176,13,272.92,0
557,293,8503.84,0
553,892,5220.82,0
286,549,6946.83,0
208,514,6215.48,0
59,819,4134.03,0
770,926,4661.04,0
491,895,7751.22,0
474,227,8187.19,0
853,797,1436.09,0
608,449,9827.58,0
871,620,2120.75,1
252,98,6249.04,0
785,597,4701.07,0
652,958,3827.24,0
107,830,6244.3,0
342,663,7673.47,0
576,810,5594.41,0
141,232,7804.78,0
216,846,3646.47,0
629,397,9160.69,0
631,949,1593.07,0
685,901,8023.48,0
731,383,1035.05,0
931,282,1675.03,0
6,607,2777.53,0
379,108,4036.65,1
123,883,614.14,0
181,673,6154.04,0
731,464,8962.14,0
86,19,3924.81,0
478,682,1916.76,0
766,611,71.3,1
772,605,9225.39,0
306,14,3997.36,0
653,192,116.87,0
939,560,263.6,0
754,790,3146.19,0
916,781,9299.95,0
475,421,263.04,0
333,373,3242.89,0
575,548,2957.44,0
730,961,1358.44,0
319,883,1391.13,0
0,147,1360.68,0
684,896,4039.24,0
47,433,9269.27,0
786,800,7061.74,0
500,67,1486.44,0
897,800,4538.73,0
947,25,7040.28,0
701,726,9052.41,0
799,871,210.66,1
882,12,2431.14,0
661,287,551.39,0
787,821,4595.53,0
368,917,6767.11,0
889,814,4272.88,1
828,804,6606.97,0
543,922,1327.65,0
366,253,8783.11,0
36,655,4987.82,0
274,557,3248.34,0
91,772,3319.2,0
85,847,8957.76,0
531,242,2272.43,0
166,260,3043.94,0
625,425,7034.37,0
942,73,7119.58,0
129,195,6820.44,0
516,862,1147.01,0
388,170,1505.88,0
71,49,2357.14,0
391,821,9325.75,0
935,128,8107.81,0
961,199,8715.63,0
952,298,3365.39,0
442,368,427.91,0
413,995,3951.53,0
289,934,9016.5,0
688,101,8608.49,0
130,635,3491.95,0
547,755,9604.5,0
595,718,9214.49,0
265,926,7270.07,0
851,772,5283.64,0
954,6,9890.71,0
502,990,8660.17,0
93,227,138.63,0
144,750,4895.11,0
504,295,3074.56,0
306,515,2217.57,0
516,452,2177.07,0
961,227,8013.87,0
813,67,973.19,0
101,238,1054.89,0
44,56,1406.41,0
217,915,2780.2,0
990,185,2301.11,0
16,610,1793.7,0
493,668,4530.5,0
891,185,6831.68,0
48,738,6725.75,0
410,550,9070.18,0
892,15,5144.1,0
509,768,2749.78,0
390,914,1191.83,0
364,447,7094.96,0
640,202,4911.47,0
819,200,7116.24,0
324,206,5631.69,0
605,432,437.24,0
718,698,8259.18,0
351,871,226.17,1
66,957,7937.96,0
256,458,2933.02,0
680,719,8852.24,0
903,969,437.25,0
461,417,4600.36,0
274,515,5418.28,0
435,899,1509.43,1
820,599,5102.43,0
712,144,6644.19,0
238,741,4759.47,0
547,490,7490.86,0
792,19,3171.9,0
313,952,8297.2,0
721,75,8676.8,0
276,351,8951.22,0
202,55,6050.31,0
238,719,9995.15,0
888,951,50.78,0
733,106,1820.75,0
826,324,1339.59,0
873,524,4578.94,0
94,958,9882.48,0
309,416,5584.01,0
641,380,3634.15,0
288,8,7615.34,1
518,539,9553.23,0
249,16,3165.16,0
278,479,7558.69,0
8,382,1731.08,0
895,259,3551.29,0
904,97,8052.4,0
567,372,1275.49,0
311,117,6576.11,0
738,232,4480.89,0
21,775,7905.47,0
125,801,1599.59,0
403,111,7284.78,0
166,509,2759.61,0
659,747,1604.78,0
803,261,1252.33,0
448,972,6810.37,0
911,442,8379.48,0
28,81,3682.31,0
295,409,8353.23,0
122,860,3218.75,0
807,385,7852.76,0
739,788,5993.56,0
127,189,8702.64,0
92,106,2510.95,0
572,473,7255.67,0
797,788,2995.2,0
782,573,1537.64,1
313,227,5540.26,0
703,186,5963.39,0
460,215,316.73,0
141,687,9223.34,0
479,633,9235.99,0
867,862,3109.22,0
986,463,391.99,0
672,511,4607.53,0
588,594,9768.37,0
293,420,3270.41,0
614,674,1629.03,0
580,863,321.76,0
407,335,9385.31,1
941,870,6919.39,0
804,455,9488.37,0
327,862,6576.84,0
375,224,9603.85,1
539,979,1492.17,0
909,889,180.63,0
594,997,1465.38,0
263,428,5212.33,0
478,892,1442.48,0
875,606,6125.59,0
612,479,7588.4,0
793,810,4940.8,0
846,933,692.76,0
948,649,8578.4,0
760,131,1253.63,0
189,71,6671.52,0
177,147,5844.33,0
152,310,976.46,0
324,43,2383.66,1
459,15,902.19,0
284,709,5132.23,0
490,245,4907.73,0
548,34,8004.55,0
350,887,9085.77,0
122,391,7682.22,0
741,665,9372.04,0
368,940,687.32,0
567,312,7381.9,0
163,990,1815.53,0
434,811,8815.2,0
584,260,7645.05,0
380,15,778.29,0
10,569,9417.45,0
81,260,550.75,0
435,143,9717.47,0
145,96,2054.19,0
292,107,8040.58,0
535,972,2803.4,0
415,68,5546.96,0
451,895,5336.82,0
572,606,9859.41,0
318,499,1998.21,0
310,811,5639.36,0
868,244,9856.43,0
110,433,978.66,0
880,837,4439.87,0
497,632,8116.53,0
257,534,8385.37,0
375,414,8203.05,0
262,64,8436.4,0
924,561,9132.93,0
965,724,3346.58,0
469,615,4584.29,0
7,217,9515.49,0
723,250,6335.34,0
955,400,8865.87,0
401,927,7526.93,0
257,566,4359.01,0
413,829,4866.66,0
18,49,2568.52,0
668,213,1502.21,0
761,803,2788.2,0
849,554,5127.57,0
172,184,990.16,0
926,736,20.52,0
664,69,1271.04,0
705,718,6102.78,0
130,697,5709.33,0
574,146,2527.08,0
453,159,8260.15,0
362,168,7224.23,0
655,837,6849.01,0
591,894,4880.25,0
833,540,9059.49,0
807,777,2176.89,0
802,220,9874.57,0
917,416,326.05,0
888,679,4719.53,0
462,408,9288.27,0
947,751,894.24,1
352,863,4309.55,0
999,943,6594.27,0
310,67,9903.22,0
997,781,2672.65,0
699,158,6234.69,0
744,759,254.38,0
148,391,8775.37,0
775,352,5204.32,0
739,504,8542.23,0
663,631,1816.1,0
907,856,5318.58,0
597,731,8488.57,0
99,979,843.87,0
719,557,3037.27,0
771,354,3827.94,0
8,792,6631.94,0
389,256,5912.48,0
27,927,8090.34,0
144,771,533.24,0
778,747,303.4,0
696,956,3399.32,0
43,84,3280.93,0
135,776,6856.77,0
173,80,4339.2,0
546,33,9159.05,0
785,446,7701.1,0
768,61,6297.5,0
410,165,364.18,0
258,202,3284.97,0
583,936,7577.08,0
82,987,3366.04,0
473,17,1212.36,0
128,253,2827.47,0
525,593,625.07,0
710,666,5506.5,0
363,786,4858.03,0
31,394,4033.4,0
362,510,9632.13,1
682,562,831.49,0
171,445,2858.94,0
473,67,4925.73,0
846,441,3765.79,0
503,704,834.37,0
69,145,7225.42,0
653,125,7656.5,0
376,761,548.82,0
333,930,6324.18,0
71,983,1444.79,0
87,46,8517.21,0
863,831,5744.17,0
662,359,7202.31,0
856,746,5273.89,0
567,529,5926.63,0
638,580,9952.21,0
886,698,7645.66,0
328,23,23.48,0
40,766,7803.37,0
305,663,2677.12,0
343,335,8284.86,1
54,23,3892.58,0
722,58,8361.67,0
128,587,7904.03,0
23,65,1415.63,0
901,447,3020.08,0
957,884,1254.69,0
48,455,8403.43,0
400,303,6620.27,0
744,439,8655.43,0
931,333,7638.23,0
725,500,2777.84,0
109,374,6953.29,0
766,739,5346.86,0
6,461,129.21,0
635,623,3137.98,0
119,556,916.94,0
275,329,7261.27,0
63,777,8420.32,0
87,103,6350.19,0
462,803,5068.08,0
808,197,1224.67,0
476,787,8803.63,0
733,189,3464.06,0
123,500,2184.03,0
884,815,7409.98,1
277,486,6192.85,0
677,401,3947.77,0
963,991,8369.49,0
459,319,9995.35,0
91,488,5035.08,0
567,502,7146.37,1
334,283,15.37,1
423,35,87.67,0
197,506,1595.88,0
616,185,7939.35,0
120,535,3637.13,0
922,494,3752.97,0
611,438,5051.9,0
221,486,6149.37,0
417,354,4883.51,0
339,846,9411.38,0
484,738,5583.15,0
858,704,4833.22,0
89,132,213.49,0
204,260,2163.58,0
872,83,4376.76,0
373,221,3959.45,0
305,362,3421.35,0
54,45,4495.44,0
484,220,8185.74,0
555,788,2379.26,0
518,904,3632.45,0
210,954,9997.02,0
621,332,8883.8,0
809,154,2045.1,0
345,875,6637.16,0
896,669,4164.02,1
179,130,4270.89,0
688,908,2601.05,0
806,540,2168.96,0
138,317,2381.96,0
738,790,7519.17,0
825,161,5694.74,0
126,826,1666.5,0
120,118,3725.74,0
635,798,7973.51,0
485,347,914.95,0
164,749,3236.83,0
363,429,5079.11,0
675,544,4914.59,0
476,784,5904.33,0
728,132,1422.82,0
803,618,4311.66,0
576,837,4349.79,0
254,885,8644.34,0
677,904,6046.83,0
48,854,7684.35,0
776,721,6987.63,0
91,222,7538.36,0
270,213,9752.83,0
280,632,451.25,0
512,579,7979.34,0
235,156,6463.01,0
354,817,6422.29,0
859,775,1059.04,0
88,180,2892.62,0
241,616,1403.54,0
611,429,593.24,0
705,858,4646.77,0
357,270,6969.72,0
176,223,8170.84,1
443,463,1768.42,0
974,545,7712.88,0
61,305,7505.28,0
838,410,5798.87,0
618,423,865.02,0
308,631,4351.5,0
353,897,3834.42,0
921,197,8171.85,0
706,427,3210.66,0
867,500,2716.36,0
457,219,8161.64,0
461,370,9351.13,0
706,726,8127.74,0
956,24,2404.19,0
103,85,7333.63,0
4,915,8201.88,0
32,407,2525.05,0
603,573,6050.83,1
275,13,6016.38,0
357,161,2058.82,0
812,147,1121.93,0
28,0,7349.56,0
765,752,7387.25,0
631,630,179.19,0
412,234,2499.86,0
606,96,4905.54,0
472,832,8716.85,0
498,956,2820.87,0
774,907,384.49,0
215,115,6230.28,0
293,30,9339.1,0
23,413,9121.43,0
749,285,4413.48,0
856,800,4093.43,0
340,699,1954.43,0
696,797,5614.19,0
567,506,6033.21,0
6,413,8829.85,0
290,566,5383.43,0
257,380,927.26,0
865,929,3874.76,1
516,476,445.87,0
513,846,8891.53,0
660,671,4217.52,0
139,150,6715.92,0
18,217,8544.99,0
67,668,4215.68,0
272,612,9590.62,0
754,765,4572.72,0
492,539,9754.77,0
126,693,2409.23,0
24,268,3633.51,0
7,283,1551.75,1
663,879,3902.26,0
403,282,1573.07,0
974,795,9064.96,0
127,331,5171.23,0
382,95,3295.03,0
152,93,8173.56,0
475,34,8115.94,0
594,892,4815.58,0
976,221,3586.28,0
371,609,6403.2,0
178,239,1022.41,0
790,144,5790.56,0
198,490,4982.58,0
741,680,7225.23,0
343,61,2410.04,0
21,180,9151.58,0
543,623,3937.58,0
145,615,1789.11,0
651,677,9430.69,0
147,274,4698.09,0
498,433,4912.32,0
880,540,3928.1,0
717,944,2593.18,0
316,943,198.71,0
432,547,2413.11,0
841,830,5041.86,0
622,619,6470.67,0
292,389,5475.28,0
232,929,6795.94,1
672,158,633.88,0
841,131,2369.03,0
540,19,2300.56,0
399,555,8747.69,0
711,801,5788.07,0
458,329,7818.02,0
147,397,3098.63,0
960,606,9432.23,0
695,587,190.39,0
769,94,6055.18,0
465,593,1625.13,0
851,951,5627.7,0
719,270,194.62,0
314,10,9659.69,0
983,883,1916.24,0
904,527,4189.64,0
932,581,1830.86,0
220,889,8921.79,0
744,239,6891.76,0
837,350,9148.05,0
489,929,3991.66,1
752,12,7953.02,0
227,879,9382.59,0
426,847,4612.86,0
216,920,3495.08,1
78,54,2458.13,0
416,573,4376.24,1
895,229,9853.06,0
755,541,2525.91,0
146,438,6083.7,0
41,590,6628.43,0
183,513,479.78,0
917,281,1256.1,0
748,133,459.1,0
436,28,9467.5,0
577,241,7354.22,0
527,417,2570.63,0
827,739,7009.47,0
461,404,704.39,1
366,829,9768.64,0
912,118,9072.8,0
390,609,6639.41,0
87,985,7073.32,0
428,613,1535.18,0
155,64,3308.98,0
625,704,8314.72,0
915,299,7580.84,0
279,91,5404.81,0
767,218,6875.75,0
712,224,4398.99,1
237,678,3328.46,0
199,430,2652.68,0
226,670,8717.33,0
619,730,5879.92,0
574,373,6396.47,0
583,79,5090.31,0
534,865,7179.11,0
392,326,5847.17,1
870,499,5398.37,0
804,723,2628.58,0
414,463,4852.84,0
134,65,3703.2,0
338,820,5733.18,0
465,868,9452.5,1
817,948,981.97,0
862,529,8934.9,0
604,411,9542.11,0
114,978,7859.44,0
802,959,9528.2,0
459,764,368.25,0
684,968,810.08,0
854,41,9128.1,0
719,484,2424.07,0
734,177,2765.67,0
928,835,5174.97,0
550,471,9987.97,0
798,617,1371.37,0
489,243,5519.17,0
491,695,50.19,1
668,905,6269.31,0
409,624,3644.08,1
554,588,6293.7,0
742,147,5699.74,0
959,33,1942.28,0
362,756,6824.06,0
651,404,6683.5,1
357,473,4348.59,0
21,927,2746.04,0
412,239,3001.38,0
873,246,8706.15,0
900,765,7511.59,0
73,76,3660.35,1
327,9,2820.38,0
705,725,7392.77,0
759,991,5236.02,0
507,709,9725.42,0
754,20,1343.81,0
276,973,835.66,0
26,257,6101.07,0
473,521,1771.35,0
62,699,9994.64,0
791,48,295.05,0
446,934,6246.61,0
358,675,3296.92,0
958,565,2906.08,0
653,599,7307.46,0
257,399,6693.61,0
633,979,7933.79,0
276,645,7230.01,0
347,29,3966.86,0
202,193,7037.71,0
199,264,7012.07,1
547,84,3104.01,0
23,154,5837.11,0
898,662,6142.25,0
599,219,3503.41,0
342,902,7766.55,0
652,405,1362.58,0
153,516,4758.65,0
756,472,6573.66,0
638,440,5644.68,0
809,134,1930.33,0
965,267,133.15,0
631,883,646.0,0
337,388,6758.61,0
698,636,6355.04,0
435,283,9092.71,1
417,962,7742.04,0
567,14,6610.35,0
753,273,9120.97,0
605,723,7802.43,0
765,529,3596.56,0
625,401,4032.47,0
612,522,1588.47,0
363,697,3591.13,0
943,66,9748.95,0
64,494,3632.31,0
942,51,9528.53,0
964,543,4471.22,0
878,173,3380.37,0
663,962,7627.04,0
102,839,2253.25,0
61,298,9297.86,0
486,761,4503.52,0
123,894,1227.93,0
636,387,5626.21,0
48,203,5846.49,0
749,7,857.47,0
311,600,3508.77,0
553,965,4212.28,0
276,819,2204.23,0
304,194,133.78,0
622,0,3283.39,0
642,704,3345.67,0
197,298,499.54,0
817,787,8645.6,0
418,68,1461.5,0
290,798,2203.01,0
863,315,6423.96,0
850,916,5263.91,0
556,615,6511.12,0
23,849,8712.87,0
10,671,5850.65,0
129,822,804.92,0
105,442,6692.32,0
720,855,6944.74,0
806,619,5102.33,0
649,908,7982.5,0
90,389,4712.29,0
52,936,9201.48,0
745,963,3137.16,0
212,507,1871.55,0
908,183,2954.04,1
853,681,9346.9,0
163,613,6588.07,0
954,237,9012.76,0
758,186,5179.98,0
847,545,5402.42,0
886,235,6086.89,0
834,294,9372.16,0
978,530,7100.52,0
75,404,7920.59,1
46,15,9852.15,0
67,966,1903.78,0
381,219,4261.63,0
487,117,732.56,0
662,212,5244.92,0
675,697,1017.26,0
38,336,4055.02,0
326,422,5132.43,0
414,816,77.22,0
813,257,4637.16,0
6,447,8819.7,0
295,547,9714.11,0
674,832,320.45,0
307,589,4269.68,0
176,96,5372.5,0
419,44,3236.12,0
818,390,6008.48,0
976,188,8874.9,0
928,824,5318.39,0
624,665,1144.88,0
454,447,1435.81,0
89,610,3051.21,0
599,460,5073.33,0
695,264,6358.78,1
486,903,5968.18,0
744,864,5055.16,0
11,126,6008.04,0
479,611,2731.39,1
202,40,3538.11,0
215,21,9766.15,0
802,849,9661.27,0
280,597,8954.12,0
176,452,7334.94,0
317,140,3677.71,0
583,222,3853.42,0
91,585,4925.93,0
586,867,3949.98,0
969,813,5100.25,0
601,522,7452.64,0
374,50,3681.96,0
931,664,9640.95,0
416,0,7074.62,0
864,592,6465.64,0
642,813,6868.19,0
671,392,103.66,0
406,508,179.68,0
973,251,5399.79,0
870,360,826.14,0
94,712,3021.28,0
596,826,4961.7,0
638,189,8048.48,0
713,414,4838.39,0
604,384,1176.19,0
173,866,8896.56,0
464,80,1059.63,0
490,799,6473.01,0
274,443,3357.95,0
741,552,1759.0,0
819,490,2486.95,0
565,495,8852.42,0
12,495,5600.1,0
550,71,914.01,0
697,491,1280.46,1
234,588,3626.59,0
297,604,6257.37,0
11,446,5221.72,0
975,782,6280.79,0
484,254,4159.99,0
484,244,7619.12,0
46,770,568.95,0
264,207,4811.1,0
503,978,6352.02,0
29,48,3453.28,0
616,527,5813.75,0
125,33,4471.42,0
356,441,5846.79,0
69,868,2614.36,1
965,110,6692.38,0
693,765,2343.85,0
284,144,1290.74,0
757,780,8699.69,0
375,607,6046.44,0
703,613,8516.79,0
404,884,9284.92,0
836,491,4675.8,1
112,494,9401.42,0
628,651,2917.3,0
486,554,4397.16,0
98,369,8255.77,0
203,151,929.33,0
919,309,4501.06,0
922,851,542.33,0
572,853,9419.95,0
614,980,7630.72,0
553,830,6374.59,0
796,413,242.99,0
537,646,3818.35,0
725,720,5690.04,0
434,60,5927.29,0
672,49,9428.68,0
711,154,2456.04,0
408,458,46.46,0
674,218,3189.6,0
645,717,5392.98,0
111,606,5204.72,0
407,283,8620.03,1
337,834,2434.57,0
445,157,4946.03,0
351,797,97.33,0
159,0,9165.61,0
647,808,7143.41,0
102,875,7509.12,0
564,731,80.01,0
405,880,3258.05,0
769,918,6202.96,0
1,193,3739.1,0
264,392,9722.32,0
644,42,2373.43,0
266,722,4113.19,0
647,196,2976.43,0
509,45,3310.68,0
115,137,9889.26,0
15,341,8740.29,0
593,317,9867.1,0
741,405,7028.08,0
736,67,8977.88,0
85,118,3366.4,0
109,45,3208.91,0
351,510,5898.75,1
999,775,575.06,0
674,148,3551.74,0
43,778,5741.76,0
766,396,5956.28,0
196,375,5233.13,0
487,307,9978.16,0
959,323,1025.87,0
925,437,8514.13,0
593,530,6871.66,0
928,797,8782.13,0
375,796,8687.91,0
449,331,7192.71,0
733,775,9605.63,0
553,265,329.57,1
781,549,1280.36,0
876,834,2472.65,0
582,752,8761.01,0
708,774,1495.22,0
575,510,6808.6,1
563,778,1463.49,0
121,845,6650.76,0
946,490,2911.75,0
934,480,2584.7,0
443,497,5204.6,0
183,710,4039.96,0
243,866,7353.42,0
259,171,1839.71,0
965,759,6734.31,0
398,526,1559.01,0
551,98,2501.93,0
162,833,7471.12,0
372,101,186.77,0
851,970,3034.42,0
631,507,4063.41,0
939,467,7062.42,0
993,514,8438.49,0
139,944,5588.12,0
796,907,5783.89,0
866,684,4136.3,0
688,104,5356.74,0
985,56,4488.7,0
104,637,5990.73,0
684,400,7825.97,0
44,444,2189.63,0
6,419,6667.24,0
39,265,5166.21,1
13,584,9410.06,0
502,931,9889.16,0
520,552,6867.56,0
662,582,261.64,0
860,419,9389.97,0
619,180,7194.05,0
976,876,8708.49,0
455,916,597.07,0
514,455,2164.26,0
953,968,678.55,0
380,819,2583.21,0
351,783,9139.81,0
18,387,2531.53,0
839,41,7936.35,0
446,85,9085.6,0
716,442,5855.22,0
30,901,4539.39,0
3,373,7998.63,0
350,800,8893.91,0
700,775,6338.9,0
71,831,5143.68,0
752,27,7292.82,0
572,523,3588.4,0
284,308,8588.25,0
278,927,1663.66,0
957,685,3761.29,0
244,410,6651.76,0
485,986,6313.37,0
946,81,7151.39,0
917,109,8578.39,0
229,716,5526.15,0
189,924,890.36,0
536,235,8662.95,0
931,713,4585.6,0
184,345,9316.96,0
919,173,4847.97,0
322,929,8078.45,1
626,753,9224.32,0
104,509,6018.51,0
600,792,3945.48,0
24,788,7011.76,0
782,393,4815.7,0
825,23,4371.09,0
243,419,4091.66,0
607,841,1054.25,0
23,20,1710.39,0
524,117,6860.49,0
347,384,8355.03,0
437,130,7727.52,0
309,613,5881.99,0
755,613,8123.01,0
827,417,4437.9,0
148,568,2829.19,0
400,274,4079.5,0
777,390,2721.58,0
873,183,4533.18,1
536,633,4015.24,0
59,607,4057.73,0
944,668,3731.84,0
248,39,4319.05,0
619,915,4098.09,0
941,287,2431.52,0
789,107,8743.14,0
229,301,223.55,0
528,430,1709.48,0
731,77,3931.51,0
180,73,1048.66,0
28,854,9337.15,0
767,912,4244.55,1
900,369,1858.48,0
493,244,4126.24,0
356,281,2204.74,0
203,619,7504.76,0
831,87,5661.81,0
65,173,4712.82,0
235,6,4696.03,0
114,139,606.77,0
438,650,5359.89,0
605,777,4593.4,0
266,505,2653.01,0
546,302,7842.46,0
864,604,9719.95,0
167,106,4343.19,0
464,66,7578.04,0
607,353,4944.7,0
631,376,6337.47,0
921,194,990.96,0
859,527,5791.54,0
360,278,6744.94,0
856,734,1052.58,0
87,589,2283.68,0
382,739,3792.96,0
613,163,4295.35,0
551,593,9215.29,0
400,680,367.13,0
237,643,4577.99,0
387,393,5526.35,0
963,146,7449.52,0
279,343,998.92,0
870,14,5824.41,0
869,441,6593.75,0
705,944,8702.46,0
169,972,2410.83,0
690,209,4754.7,0
535,926,5661.26,0
690,474,1485.55,0
304,223,5239.15,1
625,841,8961.24,0
890,663,5625.27,0
418,864,7748.67,0
586,236,6348.87,0
6,73,4317.08,0
298,368,9980.81,0
490,723,1892.88,0
182,341,7985.39,0
712,908,5855.94,0
25,217,9235.05,0
543,693,5691.63,0
779,134,4913.79,0
688,142,5177.02,0
609,195,1247.52,0
239,297,4452.22,0
998,579,9917.37,0
757,842,1014.35,0
826,289,5695.46,0
807,801,2677.36,0
884,244,5625.75,0
527,346,6996.7,0
850,480,9441.23,0
544,359,486.6,0
267,180,646.71,0
533,2,5331.82,0
622,788,5634.3,0
126,853,4500.45,0
47,608,9103.7,0
519,733,2161.41,0
435,547,4783.39,0
759,191,3830.7,0
323,900,967.42,0
443,232,7798.62,0
213,404,255.94,1
883,224,8990.83,1
845,653,2002.91,0
511,610,7752.78,0
892,323,6598.87,0
647,883,8575.37,0
282,767,8428.98,0
721,175,6278.19,0
94,886,6954.84,0
246,169,3221.92,0
843,518,5970.72,0
130,150,9585.22,0
89,970,1675.95,0
185,259,5329.46,0
135,806,3637.58,0
131,748,1906.13,0
532,216,1745.47,0
140,205,6740.48,0
315,397,5329.15,0
595,337,6101.06,0
855,792,322.59,0
100,320,5642.7,0
633,716,5413.29,0
644,342,2491.32,0
173,507,6502.02,0
320,617,7133.9,0
779,365,442.97,1
60,492,8748.09,0
36,291,3658.55,0
967,4,5258.91,0
725,924,5017.78,0
651,728,5663.23,0
166,431,2617.36,0
633,215,7318.22,0
30,105,4335.67,0
887,630,7442.95,0
436,116,8413.63,0
418,328,2237.93,0
644,483,5757.08,0
608,332,4293.96,0
455,282,1948.49,0
64,504,1619.93,0
69,942,8491.41,0
784,951,3919.38,0
197,820,8510.65,0
491,94,1117.99,0
754,195,548.75,0
336,147,5933.65,0
494,957,6320.02,0
219,364,9455.65,0
598,472,7682.34,0
162,642,8102.89,0
596,258,2468.4,0
780,431,8262.02,0
302,580,8006.26,0
207,718,1262.52,0
19,168,2033.2,0
49,822,8687.48,0
253,855,8593.98,0
309,476,888.66,0
485,32,8775.86,0
353,809,8922.78,0
740,691,671.1,0
4,640,9685.23,0
719,200,5307.27,0
829,207,8878.29,0
839,785,1909.06,0
800,133,6663.93,0
435,530,3353.18,0
233,16,6761.81,0
876,980,4128.59,0
420,678,9215.55,0
475,394,3298.12,0
17,682,227.94,0
692,765,9970.89,0
124,821,96.27,0
333,747,8657.43,0
230,37,8464.4,0
981,122,2374.08,0
915,502,5037.87,1
722,666,7869.72,0
317,260,8502.85,0
218,422,2932.64,0
640,529,897.22,0
477,975,2619.91,0
923,846,8462.86,0
650,792,5976.05,0
251,570,5333.72,0
900,132,7692.15,0
89,708,5411.77,0
333,638,2467.19,0
77,215,125.87,0
593,639,6893.75,0
939,741,9267.53,0
994,715,5145.41,0
650,39,8519.63,0
586,977,9898.56,0
813,899,6995.11,1
109,675,7807.86,0
831,341,6652.04,0
209,103,5517.98,0
527,617,7517.84,0
19,475,3380.41,0
301,692,6789.5,0
429,769,5246.84,0
79,696,7197.6,0
592,993,6626.39,0
561,489,6185.64,0
806,292,718.87,0
519,447,9447.17,0
862,776,4016.77,0
589,380,9287.79,0
926,789,9464.66,0
455,544,499.02,0
919,352,177.13,0
823,556,7529.32,0
478,621,1235.46,0
320,191,7535.16,0
450,891,4179.04,0
315,587,6847.88,0
804,609,2103.0,0
498,45,8204.21,0
434,222,4162.97,0
566,35,8263.15,0
405,578,5844.7,0
448,371,8608.49,0
571,594,5293.45,0
433,914,8687.49,0
728,31,8772.59,0
412,812,5390.49,0
688,814,7830.14,1
673,538,8640.42,0
203,266,5493.99,1
850,880,1164.56,0
103,796,5263.35,0
534,924,6798.59,0
300,735,472.12,0
392,316,3839.8,0
981,618,1497.13,0
725,887,2562.11,0
126,841,8839.99,0
968,540,8775.19,0
297,791,4311.51,0
810,862,9202.34,0
841,478,5342.02,0
406,961,3436.35,0
388,717,7007.27,0
202,510,6002.29,1
933,359,4655.13,0
795,338,6382.72,0
243,129,9864.79,0
409,553,1357.53,0
566,424,9475.18,0
938,39,6867.84,0
329,747,3623.48,0
72,275,3227.57,0
613,368,8927.94,0
945,562,686.91,0
963,284,5514.92,0
147,981,7468.98,0
588,917,2233.8,0
657,248,7717.3,0
112,146,6431.85,0
252,710,7277.81,0
377,937,5991.88,0
316,986,5377.57,0
646,461,7656.68,0
